SectionID,Historical_Frequency,Frequency_Score,Trend_Score,Cause_Severity_Score,Time_Since_Last_Score,Age_Score,Composite_Risk_Score,Risk_Score_0_100,Risk_Category
150,301,1.0,0.5,0.5,0.06575342465753424,0.41560574948665296,0.6481359174144187,64.81,High
495,157,0.521594684385382,0.5,0.5,0.0,0.41779603011635863,0.4504174767657887,45.04,Medium
862,40,0.132890365448505,0.5,0.5,1.0,0.6180698151950719,0.41496312769890925,41.5,Medium
886,45,0.14950166112956811,0.5,0.5,0.8328767123287671,0.6809034907597536,0.41117868476067937,41.12,Medium
259,30,0.09966777408637874,0.5,0.5,1.0,0.6809034907597536,0.4079574587105269,40.8,Medium
997,23,0.07641196013289037,0.5,0.5,1.0,0.6809034907597536,0.39865513312913153,39.87,Medium
876,40,0.132890365448505,0.5,0.5,0.873972602739726,0.5671457905544147,0.3972679855088161,39.73,Medium
1350,33,0.10963455149501661,0.5,0.5,1.0,0.48446269678302534,0.3923000902763092,39.23,Medium
589,17,0.05647840531561462,0.5,0.5,1.0,0.6809034907597536,0.3906817112022212,39.07,Medium
693,25,0.08305647840531562,0.5,0.5,1.0,0.5660506502395619,0.38982765638608247,38.98,Medium
860,20,0.0664451827242525,0.5,0.5,1.0,0.6180698151950719,0.3883850546092082,38.84,Medium
467,15,0.04983388704318937,0.5,0.5,1.0,0.6809034907597536,0.3880239038932512,38.8,Medium
863,42,0.13953488372093023,0.5,0.5,0.6986301369863014,0.6180698151950719,0.38748394870650943,38.75,Medium
832,14,0.046511627906976744,0.5,0.5,1.0,0.6809034907597536,0.3866950002387661,38.67,Medium
80,124,0.4119601328903654,0.5,0.5,0.1917808219178082,0.0,0.38396213534792695,38.4,Medium
1377,16,0.053156146179401995,0.5,0.5,1.0,0.6180698151950719,0.383069439991268,38.31,Medium
79,19,0.06312292358803986,0.5,0.5,1.0,0.5353867214236824,0.3787878415775842,37.88,Medium
314,8,0.026578073089700997,0.5,0.5,1.0,0.6809034907597536,0.37872157831185577,37.87,Medium
1413,16,0.053156146179401995,0.5,0.5,1.0,0.5566050650239562,0.37692296497415645,37.69,Medium
804,5,0.016611295681063124,0.5,0.5,1.0,0.6809034907597536,0.3747348673484006,37.47,Medium
1091,5,0.016611295681063124,0.5,0.5,1.0,0.6809034907597536,0.3747348673484006,37.47,Medium
1060,4,0.013289036544850499,0.5,0.5,1.0,0.6809034907597536,0.3734059636939156,37.34,Medium
854,4,0.013289036544850499,0.5,0.5,1.0,0.6809034907597536,0.3734059636939156,37.34,Medium
775,8,0.026578073089700997,0.5,0.5,0.9452054794520548,0.6809034907597536,0.37324212625706127,37.32,Medium
1202,23,0.07641196013289037,0.5,0.5,1.0,0.4182067077344285,0.372385454826599,37.24,Medium
274,3,0.009966777408637873,0.5,0.5,1.0,0.6809034907597536,0.3720770600394306,37.21,Medium
1059,2,0.006644518272425249,0.5,0.5,1.0,0.6809034907597536,0.37074815638494546,37.07,Medium
1328,2,0.006644518272425249,0.5,0.5,1.0,0.6809034907597536,0.37074815638494546,37.07,Medium
1080,2,0.006644518272425249,0.5,0.5,1.0,0.6809034907597536,0.37074815638494546,37.07,Medium
1114,18,0.059800664451827246,0.5,0.5,0.7835616438356164,0.6809034907597536,0.37036677924026795,37.04,Medium
493,6,0.019933554817275746,0.5,0.5,1.0,0.6180698151950719,0.36978040344641755,36.98,Medium
1608,1,0.0033222591362126247,0.5,0.5,1.0,0.6809034907597536,0.36941925273046045,36.94,Medium
535,1,0.0033222591362126247,0.5,0.5,1.0,0.6809034907597536,0.36941925273046045,36.94,Medium
716,9,0.029900332225913623,0.5,0.5,1.0,0.5660506502395619,0.3685651979143217,36.86,Medium
1536,10,0.03322259136212625,0.5,0.5,1.0,0.5505817932922656,0.3683472158740771,36.83,Medium
1383,0,0.0,0.5,0.5,1.0,0.6809034907597536,0.36809034907597543,36.81,Medium
295,0,0.0,0.5,0.5,1.0,0.6809034907597536,0.36809034907597543,36.81,Medium
1631,0,0.0,0.5,0.5,1.0,0.6809034907597536,0.36809034907597543,36.81,Medium
918,51,0.16943521594684385,0.5,0.5,1.0,0.0,0.36777408637873754,36.78,Medium
1458,24,0.07973421926910298,0.5,0.5,1.0,0.35550992470910336,0.36744468017855153,36.74,Medium
1299,12,0.03986710963455149,0.5,0.5,1.0,0.4856947296372348,0.36451631681754415,36.45,Medium
1173,8,0.026578073089700997,0.5,0.5,1.0,0.5373032169746749,0.3643615509333479,36.44,Medium
970,5,0.016611295681063124,0.5,0.5,1.0,0.5734428473648185,0.36398880300890707,36.4,Medium
1578,6,0.019933554817275746,0.5,0.5,1.0,0.5600273785078713,0.3639761597776975,36.4,Medium
935,7,0.023255813953488372,0.5,0.5,1.0,0.5356605065023956,0.3628683762316349,36.29,Medium
139,6,0.019933554817275746,0.5,0.5,0.8602739726027397,0.6809034907597536,0.3620911682631597,36.21,Medium
1497,10,0.03322259136212625,0.5,0.5,1.0,0.48583162217659137,0.36187219876250964,36.19,Medium
1400,1,0.0033222591362126247,0.5,0.5,1.0,0.5835728952772075,0.3596861931822058,35.97,Medium
1211,2,0.006644518272425249,0.5,0.5,1.0,0.5620807665982204,0.3588658839687921,35.89,Medium
1215,4,0.013289036544850499,0.5,0.5,1.0,0.5305954825462013,0.3583751628725603,35.84,Medium
979,16,0.053156146179401995,0.5,0.5,1.0,0.35550992470910336,0.35681345094267114,35.68,Medium
348,12,0.03986710963455149,0.5,0.5,1.0,0.405886379192334,0.35653548177305405,35.65,Medium
1393,0,0.0,0.5,0.5,1.0,0.5529089664613279,0.35529089664613284,35.53,Medium
1325,2,0.006644518272425249,0.5,0.5,1.0,0.5267624914442163,0.3553340564533917,35.53,Medium
1224,12,0.03986710963455149,0.5,0.5,1.0,0.3811088295687885,0.3540577268106995,35.41,Medium
1298,0,0.0,0.5,0.5,1.0,0.5353867214236824,0.3535386721423683,35.35,Medium
1326,3,0.009966777408637873,0.5,0.5,1.0,0.491170431211499,0.3531037540846051,35.31,Medium
1324,3,0.009966777408637873,0.5,0.5,1.0,0.491170431211499,0.3531037540846051,35.31,Medium
1739,0,0.0,0.5,0.5,1.0,0.5279945242984257,0.3527994524298426,35.28,Medium
1199,9,0.029900332225913623,0.5,0.5,1.0,0.4041067761806982,0.35237081050843533,35.24,Medium
1305,6,0.019933554817275746,0.5,0.5,1.0,0.4432580424366872,0.35229922617057907,35.23,Medium
327,4,0.013289036544850499,0.5,0.5,1.0,0.46570841889117043,0.35188645650705724,35.19,Medium
1315,4,0.013289036544850499,0.5,0.5,1.0,0.46611909650924027,0.35192752426886426,35.19,Medium
726,12,0.03986710963455149,0.5,0.5,1.0,0.3574264202600958,0.35168948587983023,35.17,Medium
1369,2,0.006644518272425249,0.5,0.5,1.0,0.487337440109514,0.3513915513199215,35.14,Medium
1344,3,0.009966777408637873,0.5,0.5,1.0,0.46652977412731006,0.3506396883761862,35.06,Medium
1065,3,0.009966777408637873,0.5,0.5,1.0,0.46570841889117043,0.35055755285257223,35.06,Medium
1414,6,0.019933554817275746,0.5,0.5,1.0,0.4116358658453114,0.34913700851144147,34.91,Medium
1346,0,0.0,0.5,0.5,1.0,0.491170431211499,0.34911704312114994,34.91,Medium
1287,6,0.019933554817275746,0.5,0.5,1.0,0.40999315537303216,0.3489727374642136,34.9,Medium
1505,11,0.036544850498338874,0.5,0.5,1.0,0.33963039014373714,0.34858097921370923,34.86,Medium
54,42,0.13953488372093023,0.5,0.5,0.2410958904109589,0.6809034907597536,0.3480138916054434,34.8,Medium
1417,1,0.0033222591362126247,0.5,0.5,1.0,0.46570841889117043,0.3478997455436021,34.79,Medium
1028,1,0.0033222591362126247,0.5,0.5,1.0,0.46611909650924027,0.3479408133054091,34.79,Medium
574,3,0.009966777408637873,0.5,0.5,1.0,0.4117727583846681,0.345163986801922,34.52,Medium
1618,5,0.016611295681063124,0.5,0.5,1.0,0.37357973990417526,0.34400249226284274,34.4,Medium
1000,6,0.019933554817275746,0.5,0.5,1.0,0.3601642710472279,0.34398984903163315,34.4,Medium
90,70,0.23255813953488372,0.5,0.5,0.18082191780821918,0.31991786447638604,0.34309723404241405,34.31,Medium
1431,1,0.0033222591362126247,0.5,0.5,1.0,0.4182067077344285,0.34314957442792793,34.31,Medium
1365,3,0.009966777408637873,0.5,0.5,1.0,0.3898699520876112,0.34297370617221634,34.3,Medium
1469,3,0.009966777408637873,0.5,0.5,1.0,0.3879534565366188,0.3427820566171171,34.28,Medium
1436,3,0.009966777408637873,0.5,0.5,1.0,0.383709787816564,0.3423576897451116,34.24,Medium
616,19,0.06312292358803986,0.5,0.5,0.936986301369863,0.23066392881587952,0.3420141924537903,34.2,Medium
1640,15,0.04983388704318937,0.5,0.5,1.0,0.21437371663244353,0.34137092648052014,34.14,Medium
1607,2,0.006644518272425249,0.5,0.5,1.0,0.383709787816564,0.3410287860906265,34.1,Medium
218,24,0.07973421926910298,0.5,0.5,0.5287671232876713,0.5600273785078713,0.3407731378871955,34.08,Medium
624,41,0.1362126245847176,0.5,0.5,0.1726027397260274,0.6809034907597536,0.33983567288246525,33.98,Medium
1459,3,0.009966777408637873,0.5,0.5,1.0,0.35550992470910336,0.3395377034343655,33.95,Medium
1327,4,0.013289036544850499,0.5,0.5,0.6602739726027397,0.6809034907597536,0.3394333609541896,33.94,Medium
1475,2,0.006644518272425249,0.5,0.5,1.0,0.3650924024640657,0.33916704755537663,33.92,Medium
1525,5,0.016611295681063124,0.5,0.5,1.0,0.3238877481177276,0.339033293084198,33.9,Medium
186,8,0.026578073089700997,0.5,0.5,1.0,0.2813141683778234,0.33876264607366274,33.88,Medium
1472,0,0.0,0.5,0.5,1.0,0.3879534565366188,0.33879534565366193,33.88,Medium
1496,2,0.006644518272425249,0.5,0.5,1.0,0.3550992470910336,0.33816773201807343,33.82,Medium
1464,0,0.0,0.5,0.5,1.0,0.37357973990417526,0.33735797399041756,33.74,Medium
1197,12,0.03986710963455149,0.5,0.5,1.0,0.2135523613963039,0.3373020799934511,33.73,Medium
990,28,0.09302325581395349,0.5,0.5,1.0,0.0,0.33720930232558144,33.72,Medium
1486,0,0.0,0.5,0.5,1.0,0.37097878165639975,0.33709787816564,33.71,Medium
1534,6,0.019933554817275746,0.5,0.5,1.0,0.2899383983572895,0.3369672617626393,33.7,Medium
1493,1,0.0033222591362126247,0.5,0.5,1.0,0.35550992470910336,0.3368798961253954,33.69,Medium
998,18,0.059800664451827246,0.5,0.5,0.6,0.5299110198494181,0.33691136776567276,33.69,Medium
1507,2,0.006644518272425249,0.5,0.5,1.0,0.33963039014373714,0.33662084632334377,33.66,Medium
907,0,0.0,0.5,0.5,1.0,0.3574264202600958,0.3357426420260096,33.57,Medium
1579,11,0.036544850498338874,0.5,0.5,0.5287671232876713,0.6809034907597536,0.33558500160407806,33.56,Medium
1428,9,0.029900332225913623,0.5,0.5,1.0,0.23066392881587952,0.33502652577195347,33.5,Medium
1198,26,0.08637873754152824,0.5,0.5,1.0,0.0,0.3345514950166113,33.46,Medium
375,10,0.03322259136212625,0.5,0.5,1.0,0.21245722108145104,0.33453475865299565,33.45,Medium
1030,2,0.006644518272425249,0.5,0.5,1.0,0.3122518822724162,0.3338829955362117,33.39,Medium
71,61,0.2026578073089701,0.5,0.5,0.3095890410958904,0.20971937029431897,0.33299396406260895,33.3,Medium
1223,42,0.13953488372093023,0.5,0.5,0.20273972602739726,0.5620807665982204,0.33229600275093385,33.23,Medium
1675,3,0.009966777408637873,0.5,0.5,1.0,0.27980835044490077,0.33196754600794526,33.2,Medium
228,36,0.11960132890365449,0.5,0.5,0.1506849315068493,0.6809034907597536,0.33099937378812216,33.1,Medium
223,23,0.07641196013289037,0.5,0.5,1.0,0.0,0.33056478405315615,33.06,Medium
1048,23,0.07641196013289037,0.5,0.5,1.0,0.0,0.33056478405315615,33.06,Medium
520,3,0.009966777408637873,0.5,0.5,1.0,0.26119096509240247,0.33010580747269547,33.01,Medium
479,22,0.07308970099667775,0.5,0.5,1.0,0.0,0.32923588039867113,32.92,Medium
1074,0,0.0,0.5,0.5,1.0,0.29007529089664613,0.3290075290896647,32.9,Medium
1646,0,0.0,0.5,0.5,1.0,0.28829568788501025,0.32882956878850106,32.88,Medium
1099,0,0.0,0.5,0.5,1.0,0.2813141683778234,0.3281314168377824,32.81,Medium
1100,0,0.0,0.5,0.5,1.0,0.2813141683778234,0.3281314168377824,32.81,Medium
1446,25,0.08305647840531562,0.5,0.5,0.9452054794520548,0.0,0.32774313930733173,32.77,Medium
1548,0,0.0,0.5,0.5,1.0,0.2736481861738535,0.3273648186173854,32.74,Medium
174,20,0.0664451827242525,0.5,0.5,1.0,0.0,0.326578073089701,32.66,Medium
1380,51,0.16943521594684385,0.5,0.5,0.16986301369863013,0.40985626283367554,0.3257460140319681,32.57,Medium
1180,24,0.07973421926910298,0.5,0.5,0.936986301369863,0.0,0.3255923178446275,32.56,Medium
1467,19,0.06312292358803986,0.5,0.5,1.0,0.0,0.325249169435216,32.52,Medium
1186,3,0.009966777408637873,0.5,0.5,1.0,0.20971937029431897,0.3249586479928871,32.5,Medium
1630,0,0.0,0.5,0.5,1.0,0.24490075290896646,0.3244900752908967,32.45,Medium
1040,14,0.046511627906976744,0.5,0.5,1.0,0.05708418891170432,0.3243130700539611,32.43,Medium
1530,2,0.006644518272425249,0.5,0.5,1.0,0.21519507186858317,0.3241773144958284,32.42,Medium
1524,24,0.07973421926910298,0.5,0.5,0.2410958904109589,0.6809034907597536,0.3240936258247125,32.41,Medium
1352,18,0.059800664451827246,0.5,0.5,1.0,0.0,0.3239202657807309,32.39,Medium
1381,2,0.006644518272425249,0.5,0.5,1.0,0.2116358658453114,0.32382139389350123,32.38,Medium
771,2,0.006644518272425249,0.5,0.5,1.0,0.2116358658453114,0.32382139389350123,32.38,Medium
1429,8,0.026578073089700997,0.5,0.5,0.8356164383561644,0.29295003422313487,0.32348787649381033,32.35,Medium
1565,17,0.05647840531561462,0.5,0.5,1.0,0.0,0.32259136212624584,32.26,Medium
1528,1,0.0033222591362126247,0.5,0.5,1.0,0.2116358658453114,0.3224924902390162,32.25,Medium
428,1,0.0033222591362126247,0.5,0.5,1.0,0.2116358658453114,0.3224924902390162,32.25,Medium
1529,1,0.0033222591362126247,0.5,0.5,1.0,0.21026694045174538,0.3223555976996596,32.24,Medium
1567,5,0.016611295681063124,0.5,0.5,1.0,0.15592060232717317,0.32223657850514253,32.22,Medium
1420,7,0.023255813953488372,0.5,0.5,1.0,0.12361396303901437,0.3216637218852968,32.17,Medium
1229,15,0.04983388704318937,0.5,0.5,0.4657534246575342,0.5505817932922656,0.32156707661225575,32.16,Medium
1604,0,0.0,0.5,0.5,1.0,0.21519507186858317,0.32151950718685834,32.15,Medium
1611,0,0.0,0.5,0.5,1.0,0.21533196440793975,0.32153319644079403,32.15,Medium
1638,0,0.0,0.5,0.5,1.0,0.2135523613963039,0.32135523613963046,32.14,Medium
1397,0,0.0,0.5,0.5,1.0,0.21149897330595482,0.3211498973305955,32.11,Medium
1541,0,0.0,0.5,0.5,1.0,0.20971937029431897,0.32097193702943194,32.1,Medium
1490,0,0.0,0.5,0.5,1.0,0.210403832991102,0.3210403832991102,32.1,Medium
1593,0,0.0,0.5,0.5,1.0,0.20971937029431897,0.32097193702943194,32.1,Medium
1648,3,0.009966777408637873,0.5,0.5,1.0,0.16673511293634496,0.3206602222570897,32.07,Medium
1665,3,0.009966777408637873,0.5,0.5,1.0,0.16673511293634496,0.3206602222570897,32.07,Medium
53,33,0.10963455149501661,0.5,0.5,0.2054794520547945,0.5594798083504449,0.3203497466385306,32.03,Medium
1391,0,0.0,0.5,0.5,1.0,0.2021902806297057,0.32021902806297065,32.02,Medium
679,15,0.04983388704318937,0.5,0.5,1.0,0.0,0.3199335548172758,31.99,Medium
1288,15,0.04983388704318937,0.5,0.5,1.0,0.0,0.3199335548172758,31.99,Medium
873,35,0.11627906976744186,0.5,0.5,0.04657534246575343,0.6809034907597536,0.3192595112295275,31.93,Medium
959,14,0.046511627906976744,0.5,0.5,1.0,0.0,0.3186046511627907,31.86,Medium
1569,14,0.046511627906976744,0.5,0.5,1.0,0.0,0.3186046511627907,31.86,Medium
1386,2,0.006644518272425249,0.5,0.5,0.4767123287671233,0.6809034907597536,0.3184193892616578,31.84,Medium
552,2,0.006644518272425249,0.5,0.5,1.0,0.15564681724845997,0.31822248903381606,31.82,Medium
1664,1,0.0033222591362126247,0.5,0.5,1.0,0.16673511293634496,0.31800241494811954,31.8,Medium
1546,13,0.04318936877076412,0.5,0.5,1.0,0.0,0.31727574750830567,31.73,Medium
1621,13,0.04318936877076412,0.5,0.5,1.0,0.0,0.31727574750830567,31.73,Medium
1652,1,0.0033222591362126247,0.5,0.5,1.0,0.15592060232717317,0.31692096388720237,31.69,Medium
1661,0,0.0,0.5,0.5,1.0,0.16673511293634496,0.3166735112936345,31.67,Medium
469,22,0.07308970099667775,0.5,0.5,0.18904109589041096,0.6809034907597536,0.3162303390636876,31.62,Medium
824,6,0.019933554817275746,0.5,0.5,0.4,0.6809034907597536,0.3160637710028857,31.61,Medium
416,12,0.03986710963455149,0.5,0.5,1.0,0.0,0.31594684385382066,31.59,Medium
1653,0,0.0,0.5,0.5,1.0,0.15592060232717317,0.31559206023271735,31.56,Medium
1055,0,0.0,0.5,0.5,1.0,0.15564681724845997,0.31556468172484603,31.56,Medium
1647,2,0.006644518272425249,0.5,0.5,1.0,0.12799452429842573,0.31545725973881267,31.55,Medium
201,11,0.036544850498338874,0.5,0.5,1.0,0.0,0.31461794019933553,31.46,Medium
1483,11,0.036544850498338874,0.5,0.5,1.0,0.0,0.31461794019933553,31.46,Medium
1348,10,0.03322259136212625,0.5,0.5,1.0,0.0,0.3132890365448505,31.33,Medium
975,10,0.03322259136212625,0.5,0.5,1.0,0.0,0.3132890365448505,31.33,Medium
1226,10,0.03322259136212625,0.5,0.5,1.0,0.0,0.3132890365448505,31.33,Medium
1599,8,0.026578073089700997,0.5,0.5,0.7917808219178082,0.232580424366872,0.3130673538643484,31.31,Medium
1643,6,0.019933554817275746,0.5,0.5,1.0,0.0458590006844627,0.31255932199535663,31.26,Medium
131,16,0.053156146179401995,0.5,0.5,0.2273972602739726,0.6809034907597536,0.31209253357513345,31.21,Medium
820,4,0.013289036544850499,0.5,0.5,1.0,0.05653661875427789,0.310969276493368,31.1,Medium
810,8,0.026578073089700997,0.5,0.5,1.0,0.0,0.3106312292358804,31.06,Medium
1471,6,0.019933554817275746,0.5,0.5,0.6383561643835617,0.3879534565366188,0.31060438401892837,31.06,Medium
1341,8,0.026578073089700997,0.5,0.5,1.0,0.0,0.3106312292358804,31.06,Medium
993,8,0.026578073089700997,0.5,0.5,1.0,0.0,0.3106312292358804,31.06,Medium
1559,17,0.05647840531561462,0.5,0.5,0.19726027397260273,0.6809034907597536,0.3104077385994815,31.04,Medium
244,43,0.14285714285714285,0.5,0.5,0.5315068493150685,0.0,0.310293542074364,31.03,Medium
1705,5,0.016611295681063124,0.5,0.5,1.0,0.030253251197809722,0.3096698433922062,30.97,Medium
391,11,0.036544850498338874,0.5,0.5,0.4931506849315068,0.45667351129363454,0.30960035982184975,30.96,Medium
1455,7,0.023255813953488372,0.5,0.5,1.0,0.0,0.30930232558139537,30.93,Medium
773,7,0.023255813953488372,0.5,0.5,1.0,0.0,0.30930232558139537,30.93,Medium
1362,7,0.023255813953488372,0.5,0.5,1.0,0.0,0.30930232558139537,30.93,Medium
1435,3,0.009966777408637873,0.5,0.5,1.0,0.052566735112936344,0.3092433844747488,30.92,Medium
1116,8,0.026578073089700997,0.5,0.5,0.3041095890410959,0.6809034907597536,0.3091325372159654,30.91,Medium
1723,0,0.0,0.5,0.5,1.0,0.09007529089664613,0.30900752908966467,30.9,Medium
1547,31,0.10299003322259136,0.5,0.5,0.4,0.2736481861738535,0.3085608319064219,30.86,Medium
1735,2,0.006644518272425249,0.5,0.5,1.0,0.057494866529774126,0.3084072939619475,30.84,Medium
1620,6,0.019933554817275746,0.5,0.5,1.0,0.0,0.30797342192691035,30.8,Medium
408,6,0.019933554817275746,0.5,0.5,1.0,0.0,0.30797342192691035,30.8,Medium
1425,6,0.019933554817275746,0.5,0.5,1.0,0.0,0.30797342192691035,30.8,Medium
644,6,0.019933554817275746,0.5,0.5,1.0,0.0,0.30797342192691035,30.8,Medium
613,6,0.019933554817275746,0.5,0.5,1.0,0.0,0.30797342192691035,30.8,Medium
1356,6,0.019933554817275746,0.5,0.5,1.0,0.0,0.30797342192691035,30.8,Medium
1544,6,0.019933554817275746,0.5,0.5,1.0,0.0,0.30797342192691035,30.8,Medium
1375,6,0.019933554817275746,0.5,0.5,1.0,0.0,0.30797342192691035,30.8,Medium
1441,6,0.019933554817275746,0.5,0.5,1.0,0.0,0.30797342192691035,30.8,Medium
784,18,0.059800664451827246,0.5,0.5,0.3726027397260274,0.4652977412731006,0.30771031388064374,30.77,Medium
720,8,0.026578073089700997,0.5,0.5,0.27945205479452057,0.6809034907597536,0.30666678379130785,30.67,Medium
402,5,0.016611295681063124,0.5,0.5,1.0,0.0,0.3066445182724252,30.66,Medium
1115,17,0.05647840531561462,0.5,0.5,0.1589041095890411,0.6809034907597536,0.30657212216112534,30.66,Medium
1626,5,0.016611295681063124,0.5,0.5,1.0,0.0,0.3066445182724252,30.66,Medium
1249,5,0.016611295681063124,0.5,0.5,1.0,0.0,0.3066445182724252,30.66,Medium
1433,5,0.016611295681063124,0.5,0.5,1.0,0.0,0.3066445182724252,30.66,Medium
811,5,0.016611295681063124,0.5,0.5,1.0,0.0,0.3066445182724252,30.66,Medium
1514,5,0.016611295681063124,0.5,0.5,1.0,0.0,0.3066445182724252,30.66,Medium
1609,5,0.016611295681063124,0.5,0.5,1.0,0.0,0.3066445182724252,30.66,Medium
1201,5,0.016611295681063124,0.5,0.5,1.0,0.0,0.3066445182724252,30.66,Medium
1730,0,0.0,0.5,0.5,1.0,0.05708418891170432,0.30570841889117045,30.57,Medium
1731,0,0.0,0.5,0.5,1.0,0.05708418891170432,0.30570841889117045,30.57,Medium
1605,4,0.013289036544850499,0.5,0.5,1.0,0.0,0.3053156146179402,30.53,Medium
1006,4,0.013289036544850499,0.5,0.5,1.0,0.0,0.3053156146179402,30.53,Medium
1023,4,0.013289036544850499,0.5,0.5,1.0,0.0,0.3053156146179402,30.53,Medium
606,4,0.013289036544850499,0.5,0.5,1.0,0.0,0.3053156146179402,30.53,Medium
1577,4,0.013289036544850499,0.5,0.5,1.0,0.0,0.3053156146179402,30.53,Medium
1454,4,0.013289036544850499,0.5,0.5,1.0,0.0,0.3053156146179402,30.53,Medium
874,22,0.07308970099667775,0.5,0.5,0.07671232876712329,0.6809034907597536,0.30499746235135883,30.5,Medium
1617,5,0.016611295681063124,0.5,0.5,0.9808219178082191,0.0,0.30472671005324714,30.47,Medium
1371,3,0.009966777408637873,0.5,0.5,1.0,0.0,0.3039867109634552,30.4,Medium
1230,9,0.029900332225913623,0.5,0.5,0.9205479452054794,0.0,0.3040149274109134,30.4,Medium
1492,3,0.009966777408637873,0.5,0.5,1.0,0.0,0.3039867109634552,30.4,Medium
1432,3,0.009966777408637873,0.5,0.5,1.0,0.0,0.3039867109634552,30.4,Medium
1619,3,0.009966777408637873,0.5,0.5,1.0,0.0,0.3039867109634552,30.4,Medium
1598,3,0.009966777408637873,0.5,0.5,1.0,0.0,0.3039867109634552,30.4,Medium
1662,3,0.009966777408637873,0.5,0.5,1.0,0.0,0.3039867109634552,30.4,Medium
1649,4,0.013289036544850499,0.5,0.5,0.5315068493150685,0.4520191649555099,0.30366821604499805,30.37,Medium
1053,2,0.006644518272425249,0.5,0.5,1.0,0.0,0.3026578073089701,30.27,Medium
903,2,0.006644518272425249,0.5,0.5,1.0,0.0,0.3026578073089701,30.27,Medium
1576,2,0.006644518272425249,0.5,0.5,1.0,0.0,0.3026578073089701,30.27,Medium
1518,2,0.006644518272425249,0.5,0.5,1.0,0.0,0.3026578073089701,30.27,Medium
1178,2,0.006644518272425249,0.5,0.5,1.0,0.0,0.3026578073089701,30.27,Medium
1396,2,0.006644518272425249,0.5,0.5,1.0,0.0,0.3026578073089701,30.27,Medium
487,2,0.006644518272425249,0.5,0.5,1.0,0.0,0.3026578073089701,30.27,Medium
1039,2,0.006644518272425249,0.5,0.5,1.0,0.0,0.3026578073089701,30.27,Medium
1568,2,0.006644518272425249,0.5,0.5,1.0,0.0,0.3026578073089701,30.27,Medium
1387,7,0.023255813953488372,0.5,0.5,0.4657534246575342,0.46858316221765917,0.3027359842689147,30.27,Medium
1503,2,0.006644518272425249,0.5,0.5,1.0,0.0,0.3026578073089701,30.27,Medium
1494,2,0.006644518272425249,0.5,0.5,1.0,0.0,0.3026578073089701,30.27,Medium
1591,2,0.006644518272425249,0.5,0.5,1.0,0.0,0.3026578073089701,30.27,Medium
1500,2,0.006644518272425249,0.5,0.5,1.0,0.0,0.3026578073089701,30.27,Medium
1228,2,0.006644518272425249,0.5,0.5,1.0,0.0,0.3026578073089701,30.27,Medium
1502,1,0.0033222591362126247,0.5,0.5,1.0,0.0,0.30132890365448506,30.13,Medium
1531,1,0.0033222591362126247,0.5,0.5,1.0,0.0,0.30132890365448506,30.13,Medium
1501,1,0.0033222591362126247,0.5,0.5,1.0,0.0,0.30132890365448506,30.13,Medium
1498,1,0.0033222591362126247,0.5,0.5,1.0,0.0,0.30132890365448506,30.13,Medium
774,25,0.08305647840531562,0.5,0.5,0.0,0.6809034907597536,0.30131294043810164,30.13,Medium
1575,1,0.0033222591362126247,0.5,0.5,1.0,0.0,0.30132890365448506,30.13,Medium
1361,1,0.0033222591362126247,0.5,0.5,1.0,0.0,0.30132890365448506,30.13,Medium
1017,1,0.0033222591362126247,0.5,0.5,1.0,0.0,0.30132890365448506,30.13,Medium
1625,1,0.0033222591362126247,0.5,0.5,1.0,0.0,0.30132890365448506,30.13,Medium
1582,1,0.0033222591362126247,0.5,0.5,1.0,0.0,0.30132890365448506,30.13,Medium
1560,1,0.0033222591362126247,0.5,0.5,1.0,0.0,0.30132890365448506,30.13,Medium
1580,1,0.0033222591362126247,0.5,0.5,1.0,0.0,0.30132890365448506,30.13,Medium
1610,1,0.0033222591362126247,0.5,0.5,1.0,0.0,0.30132890365448506,30.13,Medium
1639,1,0.0033222591362126247,0.5,0.5,1.0,0.0,0.30132890365448506,30.13,Medium
357,17,0.05647840531561462,0.5,0.5,0.30684931506849317,0.4778918548939083,0.301065479122486,30.11,Medium
1592,0,0.0,0.5,0.5,1.0,0.0,0.30000000000000004,30.0,Medium
687,0,0.0,0.5,0.5,1.0,0.0,0.30000000000000004,30.0,Medium
1517,0,0.0,0.5,0.5,1.0,0.0,0.30000000000000004,30.0,Medium
0,0,0.0,0.5,0.5,1.0,0.0,0.30000000000000004,30.0,Medium
1484,0,0.0,0.5,0.5,1.0,0.0,0.30000000000000004,30.0,Medium
1722,0,0.0,0.5,0.5,1.0,0.0,0.30000000000000004,30.0,Medium
1509,0,0.0,0.5,0.5,1.0,0.0,0.30000000000000004,30.0,Medium
1676,0,0.0,0.5,0.5,1.0,0.0,0.30000000000000004,30.0,Medium
1035,6,0.019933554817275746,0.5,0.5,0.9178082191780822,0.0,0.29975424384471855,29.98,Medium
1366,2,0.006644518272425249,0.5,0.5,0.5315068493150685,0.3898699520876112,0.2947954874492381,29.48,Medium
1415,12,0.03986710963455149,0.5,0.5,0.7808219178082192,0.0,0.29402903563464255,29.4,Medium
835,17,0.05647840531561462,0.5,0.5,0.03287671232876712,0.6809034907597536,0.29396938243509796,29.4,Medium
1624,16,0.053156146179401995,0.5,0.5,0.04657534246575343,0.6809034907597536,0.2940103417943115,29.4,Medium
1046,6,0.019933554817275746,0.5,0.5,0.8547945205479452,0.0,0.29345287398170483,29.35,Medium
526,10,0.03322259136212625,0.5,0.5,0.6383561643835617,0.15564681724845997,0.29268933470805264,29.27,Medium
715,12,0.03986710963455149,0.5,0.5,0.1780821917808219,0.5660506502395619,0.29036012805585903,29.04,Medium
1232,18,0.059800664451827246,0.5,0.5,0.663013698630137,0.0,0.2902216356437446,29.02,Medium
1540,33,0.10963455149501661,0.5,0.5,0.24383561643835616,0.21368925393566052,0.28960630763540834,28.96,Medium
365,14,0.046511627906976744,0.5,0.5,0.18356164383561643,0.5229295003422314,0.2892537655805755,28.93,Medium
1542,22,0.07308970099667775,0.5,0.5,0.2054794520547945,0.39466119096509245,0.28924994470065984,28.92,Medium
1460,6,0.019933554817275746,0.5,0.5,0.4,0.40136892539356606,0.28811031446626695,28.81,Medium
1678,20,0.0664451827242525,0.5,0.5,0.3315068493150685,0.28021902806297055,0.28775066082750494,28.78,Medium
1335,48,0.15946843853820597,0.5,0.5,0.07671232876712329,0.12361396303901437,0.2838200045958962,28.38,Medium
89,48,0.15946843853820597,0.5,0.5,0.1917808219178082,0.0,0.2829654576070632,28.3,Medium
988,41,0.1362126245847176,0.5,0.5,0.27945205479452057,0.0,0.28243025531333915,28.24,Medium
1473,2,0.006644518272425249,0.5,0.5,0.4,0.3879534565366188,0.28145315296263196,28.15,Medium
812,32,0.10631229235880399,0.5,0.5,0.20273972602739726,0.15564681724845997,0.27836357127110734,27.84,Medium
1338,19,0.06312292358803986,0.5,0.5,0.5287671232876713,0.0,0.2781258817639831,27.81,Medium
350,11,0.036544850498338874,0.5,0.5,0.6328767123287671,0.0,0.27790561143221226,27.79,Medium
1725,1,0.0033222591362126247,0.5,0.5,0.6602739726027397,0.09048596851471595,0.2764048977662306,27.64,Medium
338,14,0.046511627906976744,0.5,0.5,0.5753424657534246,0.0,0.27613889773813316,27.61,Medium
1453,14,0.046511627906976744,0.5,0.5,0.18356164383561643,0.39000684462696783,0.2759615000090491,27.6,Medium
1316,3,0.009966777408637873,0.5,0.5,0.2493150684931507,0.46611909650924027,0.27553012746369426,27.55,Medium
1495,15,0.04983388704318937,0.5,0.5,0.1917808219178082,0.3550992470910336,0.27462156171816,27.46,Medium
1457,8,0.026578073089700997,0.5,0.5,0.27945205479452057,0.35550992470910336,0.2741274271862428,27.41,Medium
1439,22,0.07308970099667775,0.5,0.5,0.043835616438356165,0.39534565366187546,0.2731540074086943,27.32,Medium
571,6,0.019933554817275746,0.5,0.5,0.6410958904109589,0.0,0.27208301096800624,27.21,Medium
1294,4,0.013289036544850499,0.5,0.5,0.19452054794520549,0.4680355920602327,0.27157122861848404,27.16,Medium
1623,9,0.029900332225913623,0.5,0.5,0.5917808219178082,0.0,0.2711382150821463,27.11,Medium
326,11,0.036544850498338874,0.5,0.5,0.09315068493150686,0.45667351129363454,0.2696003598218497,26.96,Medium
1488,15,0.04983388704318937,0.5,0.5,0.4958904109589041,0.0,0.2695225959131662,26.95,Medium
1566,49,0.16279069767441862,0.5,0.5,0.043835616438356165,0.0,0.26949984071360306,26.95,Medium
1445,26,0.08637873754152824,0.5,0.5,0.0821917808219178,0.2613278576317591,0.268903458861979,26.89,Medium
1183,13,0.04318936877076412,0.5,0.5,0.04657534246575343,0.46570841889117043,0.26850412364399806,26.85,Medium
807,48,0.15946843853820597,0.5,0.5,0.04657534246575343,0.0,0.26844490966185774,26.84,Medium
1336,14,0.046511627906976744,0.5,0.5,0.07671232876712329,0.41834360027378514,0.26811024406688155,26.81,Medium
1545,20,0.0664451827242525,0.5,0.5,0.4,0.0,0.26657807308970105,26.66,Medium
443,32,0.10631229235880399,0.5,0.5,0.2273972602739726,0.0,0.26526464297091884,26.53,Medium
1314,2,0.006644518272425249,0.5,0.5,0.14246575342465753,0.46611909650924027,0.2635162923023599,26.35,Medium
1045,11,0.036544850498338874,0.5,0.5,0.4794520547945205,0.0,0.2625631456787876,26.26,Medium
1172,28,0.09302325581395349,0.5,0.5,0.2493150684931507,0.0,0.26214080917489646,26.21,Medium
575,17,0.05647840531561462,0.5,0.5,0.030136986301369864,0.36030116358658454,0.2616351771150413,26.16,Medium
1330,7,0.023255813953488372,0.5,0.5,0.4986301369863014,0.0,0.2591653392800255,25.92,Medium
1214,23,0.07641196013289037,0.5,0.5,0.2821917808219178,0.0,0.25878396213534793,25.88,Medium
236,7,0.023255813953488372,0.5,0.5,0.4904109589041096,0.0,0.25834342147180633,25.83,Medium
1051,30,0.09966777408637874,0.5,0.5,0.18082191780821918,0.0,0.2579493014153734,25.79,Medium
1727,6,0.019933554817275746,0.5,0.5,0.4,0.07734428473648186,0.2557078504005585,25.57,Medium
579,27,0.08970099667774087,0.5,0.5,0.19452054794520549,0.0,0.2553324534656169,25.53,Medium
1606,7,0.023255813953488372,0.5,0.5,0.4547945205479452,0.0,0.25478177763618987,25.48,Medium
768,23,0.07641196013289037,0.5,0.5,0.2410958904109589,0.0,0.25467437309425206,25.47,Medium
442,19,0.06312292358803986,0.5,0.5,0.27945205479452057,0.0,0.253194374914668,25.32,Medium
1561,3,0.009966777408637873,0.5,0.5,0.2273972602739726,0.2563997262149213,0.2523664096123446,25.24,Medium
275,20,0.0664451827242525,0.5,0.5,0.2493150684931507,0.0,0.25150957993901607,25.15,Medium
562,37,0.12292358803986711,0.5,0.5,0.0136986301369863,0.0,0.2505392982296455,25.05,Medium
354,20,0.0664451827242525,0.5,0.5,0.18082191780821918,0.05722108145106092,0.25038237301562905,25.04,Medium
281,3,0.009966777408637873,0.5,0.5,0.2958904109589041,0.15564681724845997,0.24914043378419157,24.91,Low
1476,8,0.026578073089700997,0.5,0.5,0.37534246575342467,0.0,0.24816547581122286,24.82,Low
1339,13,0.04318936877076412,0.5,0.5,0.30684931506849317,0.0,0.24796067901515498,24.8,Low
790,7,0.023255813953488372,0.5,0.5,0.2602739726027397,0.12361396303901437,0.24769111914557077,24.77,Low
1026,24,0.07973421926910298,0.5,0.5,0.15616438356164383,0.0,0.2475101260638056,24.75,Low
1322,10,0.03322259136212625,0.5,0.5,0.3232876712328767,0.0,0.24561780366813818,24.56,Low
1200,33,0.10963455149501661,0.5,0.5,0.005479452054794521,0.0,0.24440176580348613,24.44,Low
1533,27,0.08970099667774087,0.5,0.5,0.0821917808219178,0.0,0.24409957675328814,24.41,Low
496,9,0.029900332225913623,0.5,0.5,0.021917808219178082,0.27980835044490077,0.24213274875677337,24.21,Low
1385,9,0.029900332225913623,0.5,0.5,0.27945205479452057,0.0,0.23990533836981753,23.99,Low
1351,15,0.04983388704318937,0.5,0.5,0.18904109589041096,0.0,0.23883766440631687,23.88,Low
1526,10,0.03322259136212625,0.5,0.5,0.25205479452054796,0.0,0.2384945159969053,23.85,Low
1225,10,0.03322259136212625,0.5,0.5,0.2493150684931507,0.0,0.2382205433941656,23.82,Low
285,9,0.029900332225913623,0.5,0.5,0.2602739726027397,0.0,0.23798753015063945,23.8,Low
324,10,0.03322259136212625,0.5,0.5,0.2273972602739726,0.0,0.23602876257224778,23.6,Low
1363,3,0.009966777408637873,0.5,0.5,0.31232876712328766,0.0,0.23521958767578394,23.52,Low
1452,15,0.04983388704318937,0.5,0.5,0.1506849315068493,0.0,0.2350020479679607,23.5,Low
1512,5,0.016611295681063124,0.5,0.5,0.27945205479452057,0.0,0.2345897237518773,23.46,Low
1527,6,0.019933554817275746,0.5,0.5,0.2547945205479452,0.0,0.23345287398170483,23.35,Low
1506,13,0.04318936877076412,0.5,0.5,0.1506849315068493,0.0,0.2323442406589906,23.23,Low
1651,4,0.013289036544850499,0.5,0.5,0.10684931506849316,0.15592060232717317,0.23159260635750684,23.16,Low
1590,10,0.03322259136212625,0.5,0.5,0.18356164383561643,0.0,0.23164520092841215,23.16,Low
1622,5,0.016611295681063124,0.5,0.5,0.2410958904109589,0.0,0.23075410731352114,23.08,Low
1571,17,0.05647840531561462,0.5,0.5,0.07123287671232877,0.0,0.22971464979747874,22.97,Low
1729,4,0.013289036544850499,0.5,0.5,0.2054794520547945,0.036413415468856944,0.22950490137030535,22.95,Low
1721,1,0.0033222591362126247,0.5,0.5,0.16164383561643836,0.0,0.21749328721612893,21.75,Low
1663,5,0.016611295681063124,0.5,0.5,0.0410958904109589,0.0,0.21075410731352115,21.08,Low
