SectionID,event_count,frequency_raw,trend_raw,mtbf_raw,age_raw,recency_raw,mtbf_days,first_event,last_event,frequency_score,trend_score,mtbf_score,age_score,recency_score,risk_score,rank,category
150,301,301,0.03215273609146045,16.37844426145833,11.693360711841205,1259.0,16.37844426145833,2009-02-06 06:57:04.743,2022-07-21 19:45:00.000,100.0,0.21634977798596033,99.37197410864327,59.22575215653272,99.47401641068798,70.79845912294722,1,High
1441,6,6,4000.0,0.0499212962962963,10.595482546201232,3657.0,0.0499212962962963,2015-12-27 19:24:46.000,2015-12-28 01:24:12.000,1.9933554817275747,100.0,99.99810613824009,50.788975383968015,49.021670523879656,55.67836023703744,2,Medium
495,157,157,0.05415279226883024,31.14328569659603,11.737166324435318,1234.0,31.14328569659603,2009-04-26 23:40:18.067,2022-08-15 08:08:00.000,52.159468438538205,0.21689859387506027,98.80580286619946,59.5623816536924,100.0,54.027437340566266,3,Medium
80,124,124,0.07573167758262367,39.53351896237955,11.693360711841205,1305.0,39.53351896237955,2009-02-10 19:03:07.283,2022-06-05 10:00:00.000,41.19601328903654,0.21743690318817274,98.48407175832742,59.22575215653272,98.50620660635389,49.942974104913986,4,Medium
886,45,45,0.2954033139839235,97.69739057239056,16.999315537303218,1538.0,97.69739057239056,2010-01-07 14:32:00.000,2021-10-15 06:58:40.000,14.950166112956811,0.22291685666963845,96.25372532355888,100.0,93.60403955396592,43.899436373810666,5,Medium
244,43,43,0.04174692405701968,99.8242858327822,16.999315537303218,1429.0,99.8242858327822,2010-08-11 10:59:19.570,2022-02-02 01:52:08.000,14.285714285714285,0.2165891156838307,96.17216759485494,100.0,95.8973280033663,43.87831359822857,6,Medium
54,42,42,-0.07799997563239905,117.32869769929992,16.999315537303218,1323.0,117.32869769929992,2009-03-17 15:00:19.270,2022-05-19 02:26:38.000,13.953488372093023,0.21360189598356416,95.50094503833434,100.0,98.12749842204923,43.85006025410024,7,Medium
624,41,41,0.01051083138514391,119.63773292824074,16.999315537303218,1298.0,119.63773292824074,2009-05-05 20:26:00.000,2022-06-12 08:39:25.000,13.621262458471762,0.215809896583956,95.41240298726261,100.0,98.65348201136125,43.76922313319976,8,Medium
562,37,37,0.17928829974816174,137.2306653269676,16.999315537303218,1240.0,137.2306653269676,2009-01-29 10:56:13.567,2022-08-09 18:13:55.000,12.29235880398671,0.22002023839458135,94.73778603061093,100.0,99.87376393856512,43.29226424097269,9,Medium
228,36,36,-0.05803718397341746,129.3028686838624,16.999315537303218,1290.0,129.3028686838624,2010-01-29 02:13:08.100,2022-06-20 16:37:43.000,11.960132890365449,0.21409989004162075,95.04178458657151,100.0,98.8217967599411,43.13010807744672,10,Medium
873,35,35,0.002069213851805754,143.35071288364654,16.999315537303218,1252.0,143.35071288364654,2009-03-24 10:14:25.833,2022-07-28 08:25:20.000,11.627906976744185,0.21559931103841698,94.50310725372044,100.0,99.62129181569534,42.98641790193369,11,Medium
863,42,42,-0.018892273131689633,96.51417753500452,15.742642026009582,1490.0,96.51417753500452,2011-02-01 11:30:57.500,2021-12-02 13:28:00.000,13.953488372093023,0.21507640341386566,96.29909670112467,90.34294130023144,94.61392804544498,42.69299630587861,12,Medium
443,32,32,0.011605213410539456,153.17538417226703,16.999315537303218,1318.0,153.17538417226703,2009-05-23 10:08:18.033,2022-05-23 20:37:27.000,10.631229235880399,0.2158371971617109,94.126371318254,100.0,98.23269513991164,42.423433309490534,13,Medium
918,51,51,0.22852536329761458,85.36478565671295,14.743326488706366,1855.0,85.36478565671295,2009-03-27 17:41:08.963,2020-12-02 23:25:43.000,16.943521594684384,0.22124851174946306,96.72663024965318,82.66358089627603,86.93456764148958,42.290685589784104,14,Medium
1223,42,42,-0.0005397718546302015,98.56538347532747,14.622861054072553,1309.0,98.56538347532747,2011-05-09 07:29:09.577,2022-06-01 11:49:24.000,13.953488372093023,0.21553422698596808,96.22044134807922,81.7378497790869,98.42204923206396,42.19768265770998,15,Medium
90,70,70,-0.10477339845780768,69.84323570736044,9.779603011635865,1300.0,69.84323570736044,2009-03-31 00:51:00.000,2022-06-10 05:14:53.993,23.25581395348837,0.2129340031503045,97.32181816671167,44.519250999368815,98.61140332421628,41.97019745020935,16,Medium
1524,24,24,-0.058678509005179014,99.23782357085345,16.999315537303218,1322.0,99.23782357085345,2016-02-17 15:35:00.000,2022-05-19 02:51:43.000,7.973421926910299,0.21408389147485932,96.1946560224443,100.0,98.14853776562171,41.89800362833836,17,Medium
1172,28,28,0.03555706686627962,163.27050067601164,16.999315537303218,1326.0,163.27050067601164,2010-04-20 08:36:00.000,2022-05-15 15:53:03.977,9.30232558139535,0.21643470280642033,93.73926491561171,100.0,98.0643803913318,41.864213651445496,18,Medium
774,25,25,-0.04968984648516078,194.9108892423804,16.999315537303218,1235.0,194.9108892423804,2009-10-23 22:02:30.067,2022-08-14 18:42:50.000,8.305647840531561,0.21430812366649427,92.52598550555358,100.0,99.97896065642752,41.46364694185614,19,Medium
876,40,40,0.015140200555207362,115.96201923076923,14.72416153319644,1553.0,115.96201923076923,2009-05-13 18:53:00.000,2021-09-30 07:20:00.000,13.2890365448505,0.2159253813507473,95.55335156433385,82.51630549126865,93.28844940037871,41.39628993806687,20,Medium
862,40,40,0.01756168606848409,106.89065170940171,15.742642026009582,1969.0,106.89065170940171,2009-03-12 16:56:00.000,2020-08-10 10:35:00.000,13.2890365448505,0.21598578800217574,95.90120138329732,90.34294130023144,84.5360824742268,41.37330189180351,21,Medium
259,30,30,-0.04866691467176928,147.54936757543103,16.999315537303218,1745.0,147.54936757543103,2009-07-04 10:44:49.603,2021-03-22 09:06:25.000,9.966777408637874,0.21433364183918116,94.34210602970575,100.0,89.24889543446244,41.33526625287044,22,Medium
990,28,28,-0.009674449898465439,166.3380080019719,16.999315537303218,1606.0,166.3380080019719,2009-04-21 23:41:34.933,2021-08-08 02:43:20.000,9.30232558139535,0.215306352274565,93.62163856374238,100.0,92.17336419103724,41.251304673409216,23,Medium
1380,51,51,0.07408498012732655,64.92725389652777,11.578370978781656,1297.0,64.92725389652777,2013-07-24 09:03:43.167,2022-06-13 17:46:00.000,16.943521594684384,0.21739582448724934,97.51032595000872,58.34209972648853,98.67452135493373,41.18830881240532,24,Medium
1624,16,16,-0.03316606489254116,101.7532851234568,16.999315537303218,1252.0,101.7532851234568,2018-05-24 15:28:40.480,2022-07-28 22:39:38.000,5.3156146179401995,0.2147203277905626,96.09819836668053,100.0,99.62129181569534,41.095914053132354,25,Medium
1559,17,17,0.0,109.80203185257524,16.999315537303218,1307.0,109.80203185257524,2017-08-12 06:35:02.167,2022-06-04 02:33:51.000,5.647840531561462,0.2155476921956894,95.78956186992171,100.0,98.46412791920892,41.03495627500067,26,Medium
874,22,22,0.03370876288818396,205.86787457727073,16.999315537303218,1262.0,205.86787457727073,2010-09-15 21:48:28.367,2022-07-18 03:13:00.000,7.308970099667775,0.21638859480638217,92.10582996052143,100.0,99.41089837997055,40.974492513686656,27,Medium
469,22,22,-0.03303453140777125,209.9942816633598,16.999315537303218,1304.0,209.9942816633598,2010-05-10 17:54:24.350,2022-06-06 15:01:29.000,7.308970099667775,0.21472360903974705,91.94759913650458,100.0,98.52724594992637,40.85406485943721,28,Medium
768,23,23,0.024513652596743228,221.0903321406776,16.999315537303218,1322.0,221.0903321406776,2009-01-23 08:11:48.667,2022-05-19 07:53:32.000,7.641196013289036,0.21615921254529688,91.52211101239838,100.0,98.14853776562171,40.84773438682934,29,Medium
89,48,48,0.02352618536700927,101.66953749581363,11.824777549623546,1305.0,101.66953749581363,2009-05-05 23:58:42.137,2022-06-05 11:13:00.000,15.946843853820598,0.21613457907612416,96.1014097454551,60.23564064801178,98.50620660635389,40.72989566813383,30,Medium
53,33,33,0.07087829591330082,149.30808928674767,14.570841889117043,1310.0,149.30808928674767,2009-05-02 05:36:14.767,2022-06-01 02:13:00.027,10.96345514950166,0.21731583018024425,94.27466624982166,81.33810225120976,98.40100988849147,40.7203827238051,31,Medium
988,41,41,0.012201714071964711,114.80901256741897,12.93908281998631,1337.0,114.80901256741897,2009-10-07 14:43:01.567,2022-05-04 23:22:09.000,13.621262458471762,0.2158520775346613,95.59756465107797,68.79865348201135,97.8329476120345,40.60407791946896,32,Medium
997,23,23,-0.03853372053733791,180.0916565640783,16.999315537303218,1604.0,180.0916565640783,2010-10-05 13:01:19.203,2021-08-10 13:25:00.000,7.641196013289036,0.21458642564588937,93.09424242957112,100.0,92.2154428781822,40.56845798479508,33,Medium
1533,27,27,-0.014494597701942353,63.37067813701923,14.094455852156058,1264.0,63.37067813701923,2018-01-10 11:58:15.633,2022-07-16 03:16:27.000,8.970099667774086,0.21518610832241186,97.57001425994353,77.67725646959815,99.36881969282558,40.41194187903261,34,Medium
1338,19,19,0.14971067590619186,196.102949845679,16.999315537303218,1428.0,196.102949845679,2012-06-04 14:50:04.400,2022-02-02 11:18:32.000,6.312292358803987,0.21928239164567204,92.48027486004459,100.0,95.91836734693878,40.35201463019561,35,Medium
275,20,20,-0.03796680859116483,251.95022159295812,16.999315537303218,1326.0,251.95022159295812,2009-04-06 09:28:52.233,2022-05-15 10:46:56.000,6.64451827242525,0.21460056789540327,90.33876054909466,100.0,98.0643803913318,40.253421686274805,36,Medium
442,19,19,-0.01707391200709644,243.1817938316615,16.999315537303218,1337.0,243.1817938316615,2010-05-10 18:16:11.233,2022-05-05 00:48:17.000,6.312292358803987,0.21512176445609446,90.67499386807074,100.0,97.8329476120345,40.18137630151302,37,Medium
1722,0,0,0.0,inf,16.999315537303218,inf,,,,0.0,0.2155476921956894,100.0,100.0,100.0,40.05388692304892,38,Medium
1383,0,0,0.0,inf,16.999315537303218,inf,,,,0.0,0.2155476921956894,100.0,100.0,100.0,40.05388692304892,38,Medium
1676,0,0,0.0,inf,16.999315537303218,inf,,,,0.0,0.2155476921956894,100.0,100.0,100.0,40.05388692304892,38,Medium
1631,0,0,0.0,inf,16.999315537303218,inf,,,,0.0,0.2155476921956894,100.0,100.0,100.0,40.05388692304892,38,Medium
295,0,0,0.0,inf,16.999315537303218,inf,,,,0.0,0.2155476921956894,100.0,100.0,100.0,40.05388692304892,38,Medium
1721,1,1,0.0,inf,16.999315537303218,1293.0,,2022-06-17 02:36:43.000,2022-06-17 02:36:43.000,0.33222591362126247,0.2155476921956894,100.0,100.0,98.75867872922365,40.04603386573873,43,Medium
1114,18,18,-0.07190379777401033,211.54415971337144,16.999315537303218,1521.0,211.54415971337144,2011-12-28 07:49:00.000,2021-11-01 13:50:01.787,5.980066445182724,0.2137539719257567,91.88816765631793,100.0,93.96170839469809,39.92026611952879,44,Medium
1579,11,11,-0.15870516759157624,136.15214378819442,16.999315537303218,1428.0,136.15214378819442,2018-05-13 11:43:14.767,2022-02-03 00:14:07.000,3.6544850498338874,0.2115886151390535,94.77914291766537,100.0,95.91836734693878,39.87963223945357,45,Medium
1115,17,17,-0.03552876598554147,270.1683398676215,16.999315537303218,1293.0,270.1683398676215,2010-08-16 23:26:26.967,2022-06-17 16:05:00.000,5.647840531561462,0.2146613875819296,89.6401702727367,100.0,98.75867872922365,39.8343114604117,46,Medium
835,17,17,0.0,303.0670374153646,16.999315537303218,1247.0,303.0670374153646,2009-04-23 10:16:27.477,2022-08-02 12:01:00.000,5.647840531561462,0.2155476921956894,88.3786398629985,100.0,99.72648853355776,39.67900793505091,47,Medium
579,27,27,-0.046612374561254645,184.67851320023146,14.088980150581794,1306.0,184.67851320023146,2009-04-11 21:29:21.947,2022-06-04 12:52:54.000,8.970099667774086,0.21438489462909915,92.91835524974525,77.63517778245318,98.4851672627814,39.38883666185072,48,Medium
131,16,16,0.0,309.3771108950617,16.999315537303218,1317.0,309.3771108950617,2009-09-08 15:33:29.797,2022-05-24 07:19:05.517,5.3156146179401995,0.2155476921956894,88.13667436966041,100.0,98.25373448348411,39.36706036160848,49,Medium
807,48,48,0.02840923778550097,102.59321808510639,9.779603011635865,1252.0,102.59321808510639,2009-05-16 00:57:00.000,2022-07-28 22:06:00.000,15.946843853820598,0.21625639225391655,96.06599037511113,44.519250999368815,99.62129181569534,39.26271180342933,50,Medium
1566,49,49,-0.0036864731217836353,40.010343009741504,8.985626283367557,1251.0,40.010343009741504,2017-04-26 01:01:05.470,2022-07-29 12:56:00.000,16.27906976744186,0.21545572902033827,98.46578750756129,38.41784136334947,99.64233115926783,39.250713104633725,51,Medium
218,24,24,-0.04536994777140895,191.71810712409425,14.581793292265571,1428.0,191.71810712409425,2010-01-07 05:09:17.523,2022-02-02 17:33:00.000,7.973421926910299,0.21441588834828848,92.64841563300895,81.42225962549968,95.91836734693878,39.108047470351316,52,Medium
71,61,61,0.037563984757766025,79.33326938522377,7.575633127994524,1348.0,79.33326938522377,2009-04-11 23:55:31.507,2022-04-23 23:50:00.000,20.26578073089701,0.2164847676070775,96.95791421407979,27.582579423521985,97.60151483273722,39.0571367161576,53,Medium
1626,5,5,0.0,19.85408449074074,16.999315537303218,1932.0,19.85408449074074,2020-06-29 10:56:10.400,2020-09-16 20:55:42.000,1.6611295681063125,0.2155476921956894,99.23869753025636,100.0,85.31453818640858,39.014475596578265,54,Medium
1214,23,23,0.02549666802401279,181.62619781670875,13.995893223819301,1337.0,181.62619781670875,2011-05-26 11:31:11.533,2022-05-04 06:09:08.343,7.641196013289036,0.21618373495930193,93.03539905279665,76.91984010098884,97.8329476120345,38.81082312025265,55,Medium
1498,1,1,0.0,inf,16.999315537303218,1890.0,,2020-10-28 13:08:02.780,2020-10-28 13:08:02.780,0.33222591362126247,0.2155476921956894,100.0,100.0,86.19819061645276,38.78998505446164,56,Medium
1502,1,1,0.0,inf,16.999315537303218,1890.0,,2020-10-28 13:47:45.920,2020-10-28 13:47:45.920,0.33222591362126247,0.2155476921956894,100.0,100.0,86.19819061645276,38.78998505446164,56,Medium
1361,1,1,0.0,inf,16.999315537303218,1891.0,,2020-10-27 17:25:46.000,2020-10-27 17:25:46.000,0.33222591362126247,0.2155476921956894,100.0,100.0,86.17715127288028,38.787881120104394,58,Medium
1180,24,24,0.13150316527382985,149.42219757447663,14.094455852156058,1577.0,149.42219757447663,2012-04-09 18:00:49.723,2021-09-06 11:04:00.743,7.973421926910299,0.21882818502658735,94.27029066398687,77.67725646959815,92.78350515463917,38.745539015896355,59,Medium
1625,1,1,0.0,inf,16.999315537303218,1948.0,,2020-08-31 07:10:49.000,2020-08-31 07:10:49.000,0.33222591362126247,0.2155476921956894,100.0,100.0,84.97790868924889,38.66795686174125,60,Medium
1200,33,33,0.025128963851990767,134.2925621491609,11.498973305954825,1237.0,134.2925621491609,2010-11-06 13:27:44.170,2022-08-12 22:09:00.000,10.96345514950166,0.2161745621694478,94.85045026299802,57.73195876288659,99.93688196928255,38.62822706868447,61,Medium
1483,11,11,1.0654805607914777,227.7754930555556,16.999315537303218,1768.0,227.7754930555556,2014-12-03 14:15:45.000,2021-02-27 08:22:51.000,3.6544850498338874,0.24212729074648687,91.26576245100404,100.0,88.7649905322954,38.46925313355883,62,Medium
467,15,15,0.09149812281217702,208.62870783730156,16.999315537303218,2073.0,208.62870783730156,2012-04-30 00:47:08.000,2020-04-28 20:01:53.000,4.983388704318937,0.21783021471369077,91.99996330398614,100.0,82.34799074268884,38.43343533525616,63,Medium
589,17,17,0.24483814960267405,260.5888362753183,16.999315537303218,1999.0,260.5888362753183,2009-02-10 14:18:28.733,2020-07-12 00:25:16.000,5.647840531561462,0.2216554523612292,90.00750503042275,100.0,83.90490216705238,38.42414927192661,64,Medium
687,0,0,0.0,inf,14.702258726899384,inf,,,,0.0,0.2155476921956894,100.0,82.34799074268881,100.0,38.2886859973178,65,Medium
223,23,23,0.6097316059686139,150.3736803977273,16.999315537303218,2799.0,150.3736803977273,2009-04-12 03:09:35.270,2018-05-03 08:27:46.970,7.641196013289036,0.23075812578477345,94.23380519175404,100.0,67.07342730906797,38.28621190535496,66,Medium
1051,30,30,-0.021069992318498664,144.17295467472863,11.616700889801505,1301.0,144.17295467472863,2010-12-29 02:10:24.767,2022-06-10 02:33:00.000,9.966777408637874,0.21502207778478166,94.47157764613941,58.636650536503254,98.5903639806438,38.15914459341204,67,Medium
1488,15,15,0.0,176.8921122685185,14.439425051334702,1416.0,176.8921122685185,2015-05-05 22:19:52.000,2022-02-14 10:04:51.000,4.983388704318937,0.2155476921956894,93.21693185885006,80.32821375973069,96.17083946980854,38.09136466428449,68,Medium
1393,0,0,0.0,inf,14.439425051334702,inf,,,,0.0,0.2155476921956894,100.0,80.32821375973069,100.0,38.08670829902199,69,Medium
1500,2,2,0.0,107.33062561342592,16.999315537303218,1890.0,107.33062561342592,2020-07-13 05:51:18.000,2020-10-28 13:47:24.053,0.6644518272425249,0.2155476921956894,95.8843301847153,100.0,86.19819061645276,38.08313016117214,70,Medium
1023,4,4,0.0,0.0005324074074074074,16.999315537303218,2418.0,0.0005324074074074074,2019-05-19 12:01:49.800,2019-05-19 12:04:07.800,1.3289036544850499,0.2155476921956894,100.0,100.0,75.08941721018304,38.02794492313699,71,Medium
1476,8,8,-0.18544480791626794,348.7735168650794,16.999315537303218,1372.0,348.7735168650794,2015-07-24 00:47:36.000,2022-03-30 10:44:39.000,2.6578073089700998,0.21092156504787674,86.62598343445109,100.0,97.09657058699769,38.017816694991495,72,Medium
959,14,14,0.29903461503705986,338.44318699519226,16.999315537303218,1768.0,338.44318699519226,2009-02-10 18:05:32.367,2021-02-27 12:22:00.000,4.651162790697675,0.22300744351632645,87.02210930705067,100.0,88.7649905322954,37.96457975226294,73,Medium
1225,10,10,0.0,403.06333475180037,16.999315537303218,1326.0,403.06333475180037,2012-06-08 22:05:33.897,2022-05-15 11:46:23.000,3.322259136212625,0.2155476921956894,84.5441911050175,100.0,98.0643803913318,37.93195388086002,74,Medium
860,20,20,0.023132712573783583,166.9079121935916,15.742642026009582,2285.0,166.9079121935916,2011-01-22 23:48:31.343,2019-09-29 05:49:00.000,6.64451827242525,0.2161247634593316,93.5997850703838,90.34294130023144,77.88764990532295,37.92262872084587,75,Medium
1571,17,17,0.0,122.62105101996528,12.933607118412047,1261.0,122.62105101996528,2017-03-05 17:23:02.070,2022-07-19 15:52:03.000,5.647840531561462,0.2155476921956894,95.29800494797333,68.75657479486641,99.43193772354303,37.90908335053105,76,Medium
1298,0,0,0.0,inf,14.088980150581794,inf,,,,0.0,0.2155476921956894,100.0,77.63517778245318,100.0,37.81740470129424,77,Medium
1739,0,0,0.0,inf,13.94113620807666,inf,,,,0.0,0.2155476921956894,100.0,76.49905322953923,100.0,37.70379224600285,78,Medium
1377,16,16,0.48088534658247944,148.83826921296298,15.742642026009582,2332.0,148.83826921296298,2013-07-02 16:05:57.100,2019-08-13 05:52:34.000,5.3156146179401995,0.22754391242858474,94.29268192686555,90.34294130023144,76.89880075741637,37.50006168552411,79,Medium
1580,1,1,0.0,inf,14.622861054072553,1649.0,,2021-06-27 00:12:33.000,2021-06-27 00:12:33.000,0.33222591362126247,0.2155476921956894,100.0,81.7378497790869,91.26867241742058,37.47081821246711,80,Medium
1413,16,16,-0.0070718693725924904,151.40350526003087,14.513347022587268,1891.0,151.40350526003087,2014-08-09 20:44:02.300,2020-10-27 21:59:45.117,5.3156146179401995,0.21537127654265528,94.19431562294619,80.89627603618766,86.17715127288028,37.46051379091077,81,Medium
1506,13,13,-0.12265149921387013,200.6162114197531,13.705681040383299,1290.0,200.6162114197531,2015-11-17 02:55:00.000,2022-06-20 12:23:08.000,4.318936877076411,0.21248801402724266,92.30720974965429,74.68966968230592,98.8217967599411,37.37733850463911,82,Medium
1545,20,20,1.1202057175035856,88.6458073422271,11.72621492128679,1380.0,88.6458073422271,2017-08-10 22:46:44.667,2022-03-22 05:16:02.000,6.64451827242525,0.24349247069398097,96.60081649592388,59.47822427940248,96.92825583841784,37.34726582398915,83,Medium
1446,25,25,-0.23769252117438355,108.6604304031636,11.679671457905544,1580.0,108.6604304031636,2014-07-14 16:58:50.033,2021-09-03 13:23:18.517,8.305647840531561,0.20961818768492768,95.83333761338827,59.12055543867031,92.72038712392174,37.310143070044134,84,Medium
1229,15,15,0.0,277.52421031746024,14.392881587953456,1404.0,277.52421031746024,2011-07-08 22:14:02.200,2022-02-26 06:22:07.000,4.983388704318937,0.2155476921956894,89.3581027456226,79.97054491899853,96.4233115926783,37.30907916985276,85,Medium
1542,22,22,-0.06252046047514521,100.24030722718253,11.274469541409994,1310.0,100.24030722718253,2016-08-25 20:42:42.767,2022-05-31 21:49:36.200,7.308970099667775,0.21398804971905339,96.15621487698894,56.0067325899432,98.40100988849147,37.28365377055474,86,Medium
998,18,18,-0.0624805460905883,271.9002828839869,13.979466119096509,1454.0,271.9002828839869,2009-05-13 01:39:30.500,2022-01-07 08:58:26.000,5.980066445182724,0.21398904542780395,89.5737573462095,76.79360403955397,95.37134441405428,37.27776683177363,87,Medium
1348,10,10,0.030687964774176183,306.56173456790117,16.999315537303218,1997.0,306.56173456790117,2012-12-23 04:31:13.600,2020-07-13 05:51:18.400,3.322259136212625,0.2163132376350475,88.24463252959715,100.0,83.94698085419735,37.26049359842234,88,Medium
903,2,2,0.0,181.71574074074073,16.999315537303218,2015.0,181.71574074074073,2019-12-26 22:59:03.000,2020-06-25 16:09:43.000,0.6644518272425249,0.2155476921956894,93.03196544812342,100.0,83.5682726698927,37.24966541919776,89,Medium
350,11,11,0.0,471.2435999618056,16.999315537303218,1466.0,471.2435999618056,2009-01-31 15:29:15.633,2021-12-27 01:57:06.000,3.6544850498338874,0.2155476921956894,81.92975696878413,100.0,95.11887229118452,37.23079531336606,90,Medium
1322,10,10,-0.15531797144823803,259.26173482510285,14.622861054072553,1353.0,259.26173482510285,2015-11-28 07:34:55.000,2022-04-18 16:07:00.000,3.322259136212625,0.21167311251705903,90.05839393974279,81.7378497790869,97.49631811487481,37.15080455314841,91,Medium
1346,0,0,0.0,inf,13.204654346338124,inf,,,,0.0,0.2155476921956894,100.0,70.83946980854196,100.0,37.137833903903115,92,Medium
1400,1,1,0.0,inf,15.052703627652292,1974.0,,2020-08-05 18:44:00.000,2020-08-05 18:44:00.000,0.33222591362126247,0.2155476921956894,100.0,85.04102671996631,84.4308857563644,37.11735724044944,93,Medium
1116,8,8,0.0,474.0155756729497,16.999315537303218,1346.0,474.0155756729497,2013-03-25 08:01:59.833,2022-04-25 10:39:00.000,2.6578073089700998,0.2155476921956894,81.82346304485024,100.0,97.64359351988217,37.11317144214672,94,Medium
1439,22,22,-0.14270351862854372,141.2900180594136,11.288158795345653,1250.0,141.2900180594136,2014-06-15 04:58:51.233,2022-07-30 07:09:00.000,7.308970099667775,0.21198779408350296,94.58212646662963,56.111929307805596,99.66337050284031,37.105091757795115,95,Medium
1467,19,19,-0.47533311820140567,122.22334104938271,13.075975359342916,1838.0,122.22334104938271,2014-12-12 01:34:00.000,2020-12-20 02:03:00.000,6.312292358803987,0.2036899784798174,95.31325549767725,69.85062066063537,87.29223648222175,37.03716163402252,96,Medium
693,25,25,0.058322225175890974,142.07459421633874,14.702258726899384,2726.0,142.07459421633874,2009-03-15 07:18:21.533,2018-07-16 02:16:20.100,8.305647840531561,0.2170026050198266,94.55204118196812,82.34799074268881,68.60929938985903,36.96736464508941,97,Medium
174,20,20,0.0931119974111302,225.08937697733913,13.995893223819301,1891.0,225.08937697733913,2009-02-10 18:00:21.667,2020-10-27 10:45:42.913,6.64451827242525,0.21787047461192824,91.3687640094043,76.91984010098884,86.17715127288028,36.963500953269595,98,Medium
1620,6,6,-4.3057050592034445,185.8304349236111,15.704312114989733,1890.0,185.8304349236111,2018-04-13 13:47:57.113,2020-10-28 17:27:05.000,1.9933554817275747,0.10813708691279995,92.87418376600877,90.0483904902167,86.19819061645276,36.924203554201554,99,Medium
1605,4,4,-0.19918688095173126,361.6357364583333,16.999315537303218,1627.0,361.6357364583333,2018-07-30 02:39:28.110,2021-07-19 00:25:51.000,1.3289036544850499,0.21057875374002233,86.1327699529729,100.0,91.73153797601515,36.91746875570087,100,Medium
1198,26,26,0.0,145.65122688287036,11.745379876796715,1723.0,145.65122688287036,2011-04-24 22:39:29.933,2021-04-13 05:23:40.000,8.637873754152823,0.2155476921956894,94.41489195693438,59.625499684409846,89.71176099305701,36.89384719613598,101,Medium
1351,15,15,0.06009637186974632,234.58690897569443,13.070499657768652,1304.0,234.58690897569443,2013-06-09 10:36:34.903,2022-06-06 15:48:40.000,4.983388704318937,0.21704686308386664,91.0045725268692,69.80854197349043,98.52724594992637,36.83294105999812,102,Medium
1590,10,10,-0.6175313877915762,159.94944461162552,13.070499657768652,1302.0,159.94944461162552,2018-06-30 00:18:11.870,2022-06-08 13:23:00.000,3.322259136212625,0.20014268436727425,93.86661382392604,69.80854197349043,98.56932463707132,36.82393579460762,103,Medium
1048,23,23,-0.7807365938781512,130.09101685237795,12.243668720054757,1830.0,130.09101685237795,2013-02-25 18:29:13.167,2020-12-27 18:32:38.000,7.641196013289036,0.1960713488414914,95.01156232988433,63.45466021460129,87.4605512308016,36.81727005237869,104,Medium
1484,0,0,0.0,inf,12.7419575633128,inf,,,,0.0,0.2155476921956894,100.0,67.28382074479278,100.0,36.7822689975282,105,Medium
715,12,12,0.0,364.8806186868687,14.702258726899384,1299.0,364.8806186868687,2011-06-15 15:25:00.000,2022-06-11 07:54:00.000,3.9867109634551494,0.2155476921956894,86.00834199951439,82.34799074268881,98.63244266778877,36.74894750120886,106,Medium
79,19,19,0.0,234.45518419753088,14.088980150581794,1948.0,234.45518419753088,2009-02-10 19:31:32.933,2020-09-01 00:09:55.397,6.312292358803987,0.2155476921956894,91.00962363301491,77.63517778245318,84.97790868924889,36.72642262240351,107,Medium
1547,31,31,0.05182396811412575,63.05232214621914,8.854209445585216,1381.0,63.05232214621914,2017-01-15 10:37:07.997,2022-03-22 00:17:27.000,10.299003322259136,0.2168404987643607,97.58222190928691,37.4079528718704,96.90721649484536,36.60682260601075,108,Medium
1569,14,14,-0.0076201879182424435,113.11960428507835,12.933607118412047,1776.0,113.11960428507835,2017-02-10 09:26:42.467,2021-02-19 22:45:42.000,4.651162790697675,0.21535759812621333,95.66234654463298,68.75657479486641,88.59667578371554,36.54954074306053,109,Medium
1202,23,23,-0.09879708016125284,169.75033933238637,11.745379876796715,1633.0,169.75033933238637,2011-04-21 19:28:37.997,2021-07-12 07:39:23.000,7.641196013289036,0.21308308906231418,93.49078962252904,59.625499684409846,91.60530191458027,36.54892746132156,110,Medium
357,17,17,0.0,287.1643620753762,12.93908281998631,1347.0,287.1643620753762,2009-09-25 08:11:33.867,2022-04-24 23:18:28.000,5.647840531561462,0.2155476921956894,88.98844237899401,68.79865348201135,97.6225541763097,36.47044035072635,111,Medium
784,18,18,0.1090146698062451,274.84901595383985,12.687200547570157,1371.0,274.84901595383985,2009-06-15 07:16:18.367,2022-03-31 17:40:13.000,5.980066445182724,0.2182671844757225,89.46068550096633,66.86303387334314,97.11760993057017,36.43779153251749,112,Medium
1608,1,1,0.0,inf,16.999315537303218,3009.0,,2017-10-05 13:46:53.000,2017-10-05 13:46:53.000,0.33222591362126247,0.2155476921956894,100.0,100.0,62.65516515884704,36.43568250870107,113,Medium
1035,6,6,0.0,471.56028472222226,16.999315537303218,1570.0,471.56028472222226,2015-04-01 00:46:42.000,2021-09-13 20:00:45.000,1.9933554817275747,0.2155476921956894,81.91761340428629,100.0,92.93078055964654,36.42816207847549,114,Medium
1330,7,7,0.3077529548647782,531.8775194193673,16.999315537303218,1417.0,531.8775194193673,2013-05-20 15:07:42.933,2022-02-13 21:29:29.000,2.3255813953488373,0.223224932207512,79.60469430798047,100.0,96.14980012623606,36.40567859564367,115,Medium
1375,6,6,-1.6785414277734114,289.24859490740744,16.999315537303218,2241.0,289.24859490740744,2015-11-27 09:55:04.000,2019-11-12 15:44:57.000,1.9933554817275747,0.173674607934107,88.90852057981742,100.0,78.81338102251209,36.40413528880288,116,Medium
1324,3,3,0.0,0.004456018518518519,13.204654346338124,1751.0,0.004456018518518519,2021-03-16 16:07:28.000,2021-03-16 16:20:18.000,0.9966777408637874,0.2155476921956894,99.99984954557166,70.83946980854196,89.12265937302756,36.398906959622536,117,Medium
1335,48,48,0.031437581187228086,79.68570917134556,5.853524982888432,1263.0,79.68570917134556,2012-04-15 17:54:12.197,2022-07-17 23:23:00.000,15.946843853820598,0.21633193765085182,96.94439959067718,14.348832316431723,99.38985903639806,36.39822738666834,118,Medium
365,14,14,-0.06785840751031916,354.4345855591168,13.839835728952773,1302.0,354.4345855591168,2009-10-26 19:22:05.500,2022-06-08 10:57:32.000,4.651162790697675,0.21385488868871516,86.4089046185259,75.72059751735748,98.56932463707132,36.39214383806443,119,Medium
1598,3,3,0.0,212.8845173611111,16.999315537303218,2375.0,212.8845173611111,2018-05-01 11:28:00.000,2019-07-01 05:55:24.600,0.9966777408637874,0.2155476921956894,91.83677042607515,100.0,75.9941089837997,36.36948911594625,120,Medium
1352,18,18,-0.04719285610615487,154.1617890570534,13.070499657768652,1999.0,154.1617890570534,2013-05-09 04:40:24.233,2020-07-11 22:41:00.000,5.980066445182724,0.214370413870841,94.08854672788333,69.80854197349043,83.90490216705238,36.33566961891261,121,Medium
1026,24,24,0.018768383434163878,192.07414452495973,10.595482546201232,1292.0,192.07414452495973,2010-05-15 01:30:00.000,2022-06-18 18:25:40.000,7.973421926910299,0.21601589041110963,92.63476305580451,50.788975383968015,98.77971807279613,36.3285236038587,122,Medium
416,12,12,0.0,279.98764367634675,16.999315537303218,2672.0,279.98764367634675,2010-04-02 06:30:29.867,2018-09-07 03:14:46.417,3.9867109634551494,0.2155476921956894,89.26364015815729,100.0,69.74542394277299,36.27650618616698,123,Medium
1249,5,5,0.0,449.9903595688658,16.999315537303218,1687.0,449.9903595688658,2016-06-14 07:50:59.733,2021-05-19 06:55:28.000,1.6611295681063125,0.2155476921956894,82.74473175683646,100.0,90.46917736166631,36.23114635942006,124,Medium
1454,4,4,0.0,166.25891813271605,14.088980150581794,1623.0,166.25891813271605,2020-03-11 06:09:03.323,2021-07-23 00:47:34.903,1.3289036544850499,0.2155476921956894,93.62467133654512,77.63517778245318,91.81569535030508,36.18902478270354,125,Medium
1350,33,33,-0.18143968148009562,39.62670793041088,13.070499657768652,3373.0,39.62670793041088,2013-04-17 21:36:27.067,2016-10-06 22:55:09.153,10.96345514950166,0.21102147738484095,98.48049834278861,69.80854197349043,54.99684409846412,36.06660294742497,126,Medium
1577,4,4,0.0,298.99207933256173,16.999315537303218,2274.0,298.99207933256173,2017-04-26 10:02:34.037,2019-10-10 09:28:21.000,1.3289036544850499,0.2155476921956894,88.53489782829953,100.0,78.11908268462024,36.03789103624062,127,Medium
1540,33,33,0.07622390251655814,66.32263913953993,7.655030800821355,1324.0,66.32263913953993,2016-07-25 18:40:36.307,2022-05-18 02:27:49.000,10.96345514950166,0.21744918228703397,97.4568186366932,28.19272038712392,98.10645907847675,36.01285327179605,128,Medium
1512,5,5,-0.46394756869651876,579.9805584490741,16.999315537303218,1337.0,579.9805584490741,2015-12-27 17:04:00.000,2022-05-04 15:12:01.000,1.6611295681063125,0.20397400368520954,77.76013962770068,100.0,97.8329476120345,35.9677115365021,129,Medium
1339,13,13,-0.06580807865841187,275.0722151813271,12.752908966461328,1347.0,275.0722151813271,2013-04-10 15:13:41.300,2022-04-24 12:01:34.000,4.318936877076411,0.2139060364240998,89.45212672405741,67.3679781190827,97.6225541763097,35.954582990433494,130,Medium
775,8,8,0.0,565.7630603951719,16.999315537303218,1580.0,565.7630603951719,2010-10-31 00:23:21.073,2021-09-03 08:35:00.000,2.6578073089700998,0.2155476921956894,78.30532249153177,100.0,92.72038712392174,35.917222691886984,131,Medium
1536,10,10,-0.6348727087811552,127.10924627057614,14.392881587953456,2356.0,127.10924627057614,2016-06-01 05:42:45.100,2019-07-20 05:18:35.000,3.322259136212625,0.19971008581296446,95.1259010285014,79.97054491899853,76.39385651167683,35.87433856789548,132,Medium
1458,24,24,1.8901433139468438,78.07055958132045,10.491444216290212,1891.0,78.07055958132045,2015-11-27 14:53:00.000,2020-10-27 05:49:56.000,7.973421926910299,0.2626994210370504,97.00633396729303,49.98948032821376,86.17715127288028,35.87430248324588,133,Medium
1452,15,15,0.0038272137863492126,185.05062334656083,11.181382614647502,1289.0,185.05062334656083,2015-05-18 14:47:09.000,2022-06-21 07:47:43.000,4.983388704318937,0.21564316630357339,92.90408634853159,55.29139490847885,98.84283610351358,35.79233720899308,134,Medium
832,14,14,0.06413365573951706,229.58429466435186,16.999315537303218,3200.0,229.58429466435186,2009-01-25 07:24:00.000,2017-03-28 21:41:59.767,4.651162790697675,0.21714757762380568,91.19640231200862,100.0,58.63665053650326,35.785139387202186,135,Medium
1230,9,9,0.0,343.8965455729167,14.392881587953456,1571.0,343.8965455729167,2014-03-02 15:34:29.700,2021-09-12 19:42:42.000,2.990033222591362,0.2155476921956894,86.81299532401161,79.97054491899853,92.90974121607405,35.75102622926548,136,Medium
1445,26,26,-0.020095317773749805,116.11512658935187,8.607802874743326,1265.0,116.11512658935187,2014-08-04 05:10:50.567,2022-07-16 02:15:24.000,8.637873754152823,0.2150463921261882,95.54748052373941,35.514411950347146,99.3477803492531,35.672732746692944,137,Medium
1417,1,1,0.0,inf,12.695414099931554,1801.0,,2021-01-25 03:53:44.000,2021-01-25 03:53:44.000,0.33222591362126247,0.2155476921956894,100.0,66.92615190406059,88.07069219440353,35.669850402662775,138,Medium
1362,7,7,0.0,381.1000204475309,16.999315537303218,2319.0,381.1000204475309,2013-05-23 06:55:44.400,2019-08-26 21:19:55.000,2.3255813953488373,0.2155476921956894,85.38639432152067,100.0,77.17231222385861,35.66235049811101,139,Medium
720,8,8,0.0,667.2390309738756,16.999315537303218,1337.0,667.2390309738756,2009-07-21 04:39:09.067,2022-05-04 20:48:35.000,2.6578073089700998,0.2155476921956894,74.41413432042089,100.0,97.8329476120345,35.65024110647609,140,Medium
1045,11,11,0.0,437.8397984525463,14.439425051334702,1410.0,437.8397984525463,2010-02-25 09:54:07.137,2022-02-20 19:27:13.000,3.6544850498338874,0.2155476921956894,83.21065604825787,80.32821375973069,96.29707553124342,35.63761682923977,141,Medium
1678,20,20,0.0,43.505694444444444,8.985626283367557,1355.0,43.505694444444444,2020-01-10 15:30:03.000,2022-04-16 06:05:51.000,6.64451827242525,0.2155476921956894,98.33175508511658,38.41784136334947,97.45423942772986,35.63302741452901,142,Medium
1226,10,10,-0.023366918180284708,311.8132337268519,14.392881587953456,1802.0,311.8132337268519,2013-05-20 18:13:20.067,2021-01-25 01:52:50.613,3.322259136212625,0.21496477841250416,88.04325902913816,79.97054491899853,88.04965285083105,35.62720347508813,143,Medium
1183,13,13,0.0,343.56067170814043,12.695414099931554,1252.0,343.56067170814043,2011-04-15 05:44:57.573,2022-07-28 23:13:22.000,4.318936877076411,0.2155476921956894,86.82587471212831,66.92615190406059,99.62129181569534,35.58543414442693,144,Medium
1578,6,6,0.19056510493826903,253.75618549305557,14.581793292265571,1890.0,253.75618549305557,2017-05-08 15:08:27.867,2020-10-28 09:53:00.000,1.9933554817275747,0.2203015508520005,90.26950922461423,81.42225962549968,86.19819061645276,35.568696675435746,145,Medium
975,10,10,0.0,506.5046105542696,15.742642026009582,1620.0,506.5046105542696,2009-01-30 15:47:45.833,2021-07-25 04:47:31.000,3.322259136212625,0.2155476921956894,80.57764152178385,90.34294130023144,91.87881338102251,35.5543813932055,146,Medium
1472,0,0,0.0,inf,11.14031485284052,inf,,,,0.0,0.2155476921956894,100.0,54.97580475489164,100.0,35.55146739853809,147,Medium
1453,14,14,-0.07320694513577758,198.4233084045584,11.181382614647502,1302.0,198.4233084045584,2015-05-16 22:45:00.000,2022-06-08 10:49:20.000,4.651162790697675,0.21372146346431414,92.39129860561158,55.29139490847885,98.56932463707132,35.5456690182876,148,Medium
1415,12,12,0.13059414314860987,261.19349719381313,12.695414099931554,1520.0,261.19349719381313,2013-12-21 11:40:37.267,2021-11-02 14:45:37.000,3.9867109634551494,0.21880550845786217,89.9843187588339,66.92615190406059,93.98274773827056,35.53780393032366,149,Medium
1336,14,14,0.0,274.32411162482197,11.748117727583846,1263.0,274.32411162482197,2012-10-11 18:16:29.070,2022-07-17 23:23:51.247,4.651162790697675,0.2155476921956894,89.48081343376059,59.64653902798233,99.38985903639806,35.48159639298326,150,Medium
1495,15,15,-0.065080251997512,167.99586640211643,10.483230663928817,1305.0,167.99586640211643,2015-12-28 00:56:00.000,2022-06-05 23:32:40.000,4.983388704318937,0.213924192870283,93.55806647904853,49.926362297496325,98.50620660635389,35.352537280923926,151,Medium
1464,0,0,0.0,inf,10.85284052019165,inf,,,,0.0,0.2155476921956894,100.0,52.76667367978119,100.0,35.33055429102704,152,Medium
810,8,8,0.0,533.8730372023809,16.999315537303218,1977.0,533.8730372023809,2010-05-10 17:53:06.100,2020-08-02 20:33:19.000,2.6578073089700998,0.2155476921956894,79.52817436785847,100.0,84.36776772564696,35.32653112732485,153,Medium
1356,6,6,-0.20353744733049747,527.487175462963,16.999315537303218,1890.0,527.487175462963,2013-08-08 23:17:44.200,2020-10-28 09:45:24.000,1.9933554817275747,0.21047022401918886,79.7730460307858,100.0,86.19819061645276,35.324720242411885,154,Medium
314,8,8,0.0,532.8821292493386,16.999315537303218,1984.0,532.8821292493386,2010-05-10 17:10:00.000,2020-07-26 21:21:51.770,2.6578073089700998,0.2155476921956894,79.5661716324675,100.0,84.2204923206396,35.31940303974592,155,Medium
1299,12,12,0.10701375195859243,300.69033987058083,13.095140314852841,1628.0,300.69033987058083,2012-06-27 09:43:33.987,2021-07-17 23:58:33.000,3.9867109634551494,0.21821726935283722,88.469776486968,69.99789606564275,91.71049863244266,35.314697921749655,156,Medium
1497,10,10,0.1290424374933084,199.6097260802469,13.097878165639973,1890.0,199.6097260802469,2015-11-28 01:52:28.000,2020-10-28 13:34:31.000,3.322259136212625,0.21876679943312288,92.3458043432822,70.01893540921522,86.19819061645276,35.30835586875594,157,Medium
1565,17,17,-0.06444413764305823,92.09444695240161,10.412046543463381,1695.0,92.09444695240161,2017-04-28 23:50:56.533,2021-05-11 12:07:00.000,5.647840531561462,0.2139400614508991,96.468575280777,49.37933936461182,90.30086261308647,35.291964455334465,158,Medium
1486,0,0,0.0,inf,10.80082135523614,inf,,,,0.0,0.2155476921956894,100.0,52.36692615190406,100.0,35.29057953823933,159,Medium
1617,5,5,0.0,327.81028278356484,14.206707734428473,1593.0,327.81028278356484,2018-01-18 14:17:56.270,2021-08-21 20:05:10.000,1.6611295681063125,0.2155476921956894,87.42983766734017,78.53986955606985,92.44687565747948,35.219924326709105,160,Medium
0,0,0,0.0,inf,10.565366187542779,inf,,,,0.0,0.2155476921956894,100.0,50.557542604670736,100.0,35.109641183516,161,Medium
907,0,0,0.0,inf,10.529774127310061,inf,,,,0.0,0.2155476921956894,100.0,50.28403113822848,100.0,35.08229003687177,162,Medium
1619,3,3,0.0,311.00542824074074,14.223134839151266,1620.0,311.00542824074074,2019-11-11 11:12:16.000,2021-07-25 11:27:54.000,0.9966777408637874,0.2155476921956894,88.0742350635056,78.66610561750474,91.87881338102251,35.07206304490509,163,Medium
575,17,17,-0.02780129374834513,297.67129455512156,10.587268993839835,1246.0,297.67129455512156,2009-07-19 21:04:22.407,2022-08-03 14:51:00.000,5.647840531561462,0.21485415797815768,88.58554451907025,50.72585735325057,99.74752787713024,34.794905152393184,164,Medium
1546,13,13,2.492312475675008,85.42454719618057,11.72621492128679,2246.0,85.42454719618057,2017-01-16 01:25:51.467,2019-11-07 03:42:02.000,4.318936877076411,0.277721201036974,96.72433863919468,59.47822427940248,78.70818430464969,34.744566793480146,165,Medium
1509,0,0,0.0,inf,9.95482546201232,inf,,,,0.0,0.2155476921956894,100.0,45.86576898800757,100.0,34.64046382184968,166,Medium
1386,2,2,0.0,689.8619560185185,16.999315537303218,1409.0,689.8619560185185,2020-04-03 02:02:09.000,2022-02-21 22:43:22.000,0.6644518272425249,0.2155476921956894,73.54663773154748,100.0,96.3181148748159,34.62758409637489,167,Medium
493,6,6,0.0,380.7536439050926,15.742642026009582,2313.0,380.7536439050926,2014-06-15 09:05:20.833,2019-09-01 03:31:35.000,1.9933554817275747,0.2155476921956894,85.39967644434245,90.34294130023144,77.29854828529349,34.59564558907456,168,Medium
1294,4,4,-0.1135734182410865,332.1835223765432,12.7419575633128,1305.0,332.1835223765432,2019-09-12 18:19:46.000,2022-06-05 07:32:35.000,1.3289036544850499,0.2127144768617114,87.26214182687089,67.28382074479278,98.50620660635389,34.549725998774036,169,Medium
1385,9,9,0.041843822620257376,383.5321786270254,12.344969199178644,1337.0,383.5321786270254,2013-12-09 15:26:42.133,2022-05-04 21:37:24.000,2.990033222591362,0.21659153292634625,85.29313100918822,64.23311592678309,97.8329476120345,34.36589206685797,170,Medium
812,32,32,0.12222393876571094,155.3048396307497,6.494182067077344,1309.0,155.3048396307497,2009-03-27 15:17:29.533,2022-06-02 02:05:32.000,10.631229235880399,0.2185967043928492,94.04471541643113,19.27203871239217,98.42204923206396,34.35393128638819,171,Medium
326,11,11,-0.08605690941428865,471.83080555555557,12.514715947980836,1269.0,471.83080555555557,2009-08-10 17:16:00.000,2022-07-12 00:39:36.000,3.6544850498338874,0.2134009068023876,81.90724003746158,65.53755522827687,99.26362297496318,34.19398582195878,172,Medium
391,11,11,0.0,432.7635538969908,12.514715947980836,1415.0,432.7635538969908,2010-04-12 06:44:20.433,2022-02-15 21:59:31.000,3.6544850498338874,0.2155476921956894,83.4053092519237,65.53755522827687,96.19187881338102,34.18696194504132,173,Medium
1387,7,7,0.0,399.30369405864195,12.752908966461328,1405.0,399.30369405864195,2015-08-06 01:28:53.000,2022-02-25 21:12:48.000,2.3255813953488373,0.2155476921956894,84.68835793889369,67.3679781190827,96.40227224910583,34.1825370360186,174,Medium
408,6,6,0.19748750142984992,685.3801529930555,16.999315537303218,1891.0,685.3801529930555,2011-06-11 00:23:58.270,2020-10-27 22:01:04.363,1.9933554817275747,0.22047423773764296,73.71849653534582,100.0,86.17715127288028,34.114207412396254,175,Medium
1074,0,0,0.0,inf,9.182751540041068,inf,,,,0.0,0.2155476921956894,100.0,39.93267410056806,100.0,34.04715433310572,176,Medium
1646,0,0,0.0,inf,9.14715947980835,inf,,,,0.0,0.2155476921956894,100.0,39.65916263412581,100.0,34.0198031864615,177,Medium
1460,6,6,0.5936793613473442,282.89408278472223,11.408624229979466,1380.0,282.89408278472223,2018-05-07 17:30:51.237,2022-03-22 04:48:15.000,1.9933554817275747,0.23035768467531237,89.1521901132445,57.03766042499474,96.92825583841784,33.982293488763645,178,Medium
1663,5,5,0.0,288.27640625,11.178644763860369,1249.0,288.27640625,2019-06-04 01:36:01.000,2022-07-31 04:08:07.000,1.6611295681063125,0.2155476921956894,88.94580003604946,55.27035556490637,99.68440984641279,33.91991882022795,179,Medium
1100,0,0,0.0,inf,9.007529089664613,inf,,,,0.0,0.2155476921956894,100.0,38.58615611192931,100.0,33.91250253424185,180,Medium
1099,0,0,0.0,inf,9.007529089664613,inf,,,,0.0,0.2155476921956894,100.0,38.58615611192931,100.0,33.91250253424185,180,Medium
1517,0,0,0.0,inf,9.007529089664613,inf,,,,0.0,0.2155476921956894,100.0,38.58615611192931,100.0,33.91250253424185,180,Medium
1662,3,3,30.303030303030305,16.583570601851854,11.178644763860369,2242.0,16.583570601851854,2019-10-09 04:50:47.000,2019-11-11 08:51:28.000,0.9966777408637874,0.9714905127093584,99.36410835298929,55.27035556490637,78.79234167893962,33.87080123246213,183,Medium
1649,4,4,0.982586170739608,359.37999483024686,12.421629021218344,1429.0,359.37999483024686,2019-02-19 22:22:28.340,2022-02-02 01:44:03.000,1.3289036544850499,0.24005939791880804,86.21926841256126,64.82221754681254,95.8973280033663,33.84093936607961,184,Medium
824,6,6,0.0,862.4471732175926,16.999315537303218,1381.0,862.4471732175926,2010-05-31 04:50:54.170,2022-03-21 10:30:33.000,1.9933554817275747,0.2155476921956894,66.92870097426575,100.0,96.90721649484536,33.82802318599126,185,Medium
1548,0,0,0.0,inf,8.854209445585216,inf,,,,0.0,0.2155476921956894,100.0,37.4079528718704,100.0,33.79468221023596,186,Medium
979,16,16,0.053386927804690905,280.3148439351852,10.491444216290212,1703.0,280.3148439351852,2009-10-29 08:02:34.557,2021-05-04 01:23:12.297,5.3156146179401995,0.21687948853353628,89.2510933673307,49.98948032821376,90.13254786450662,33.77710648115064,187,Medium
1526,10,10,0.0,242.81048662551441,9.779603011635865,1327.0,242.81048662551441,2016-05-20 05:45:09.600,2022-05-14 12:49:04.000,3.322259136212625,0.2155476921956894,90.68923197981454,44.519250999368815,98.04334104775931,33.61078322139906,188,Medium
338,14,14,0.0,359.9890132362892,10.587268993839835,1444.0,359.9890132362892,2009-03-26 10:44:40.333,2022-01-17 07:19:00.000,4.651162790697675,0.2155476921956894,86.19591504915843,50.72585735325057,95.58173784977909,33.551736429927765,189,Medium
1341,8,8,-0.07935032812432981,365.63272630125664,12.752908966461328,1948.0,365.63272630125664,2013-08-28 20:56:57.133,2020-08-31 07:14:50.000,2.6578073089700998,0.21356820993760672,85.97950175057841,67.3679781190827,84.97790868924889,33.414113641572776,190,Medium
1630,0,0,0.0,inf,8.279260780287474,inf,,,,0.0,0.2155476921956894,100.0,32.98969072164948,100.0,33.35285599521387,191,Medium
348,12,12,0.0,408.136553030303,11.498973305954825,1620.0,408.136553030303,2009-04-09 20:09:00.000,2021-07-25 08:12:00.000,3.9867109634551494,0.2155476921956894,84.34965394669132,57.73195876288659,91.87881338102251,33.2802437639874,192,Low
1640,15,15,-8.640532155482145,66.09570399305555,7.668720054757015,1610.0,66.09570399305555,2019-01-22 17:57:51.450,2021-08-05 02:07:15.000,4.983388704318937,0.0,97.46552067080604,28.29791710498632,92.08920681674732,33.2760025728462,193,Low
1505,11,11,-0.2620963160825678,172.1235027048611,10.173853524982889,1963.0,172.1235027048611,2015-11-30 10:42:14.000,2020-08-16 16:20:40.337,3.6544850498338874,0.20900940785764138,93.39978851960363,47.54891647380602,84.66231853566168,33.23240332427377,194,Low
1305,6,6,0.0,268.6258765277778,12.24640657084189,2119.0,268.6258765277778,2016-07-09 14:28:14.400,2020-03-13 17:34:33.060,1.9933554817275747,0.2155476921956894,89.69931742913386,63.475699558173794,81.38018093835473,33.1770128771332,195,Low
1199,9,9,0.09034282606265835,294.4828892751736,11.463381245722108,1913.0,294.4828892751736,2014-04-24 09:49:50.933,2020-10-05 06:32:44.000,2.990033222591362,0.2178013945503398,88.70780681268802,57.45844729644435,85.71428571428572,33.15979664015518,196,Low
1173,8,8,0.0,300.3646140757275,14.127310061601642,2819.0,300.3646140757275,2012-07-11 03:15:00.407,2018-04-13 16:30:19.000,2.6578073089700998,0.2155476921956894,88.48226673813515,77.92972859246791,66.65264043761835,33.13880973182412,197,Low
773,7,7,0.0,475.2752887094907,16.999315537303218,3176.0,475.2752887094907,2009-06-30 17:54:40.200,2017-04-21 09:33:09.867,2.3255813953488373,0.2155476921956894,81.77515820540077,100.0,59.1415947822428,33.13703153072545,198,Low
1232,18,18,-0.04282563804500004,185.4694000088508,7.690622861054073,1477.0,185.4694000088508,2013-04-28 12:08:50.267,2021-12-15 11:39:45.000,5.980066445182724,0.21447935898642628,92.88802797741825,28.46623185356617,94.88743951188722,33.059615827589546,199,Low
139,6,6,0.0,917.0991942754629,16.999315537303218,1549.0,917.0991942754629,2009-03-16 12:13:23.073,2021-10-05 00:07:35.000,1.9933554817275747,0.2155476921956894,64.83301963557139,100.0,93.37260677466863,33.05542594623471,200,Low
613,6,6,0.0,884.5335255393519,16.999315537303218,1671.0,884.5335255393519,2009-04-25 18:35:40.967,2021-06-04 10:37:04.000,1.9933554817275747,0.2155476921956894,66.08177975333729,100.0,90.805806858826,33.048497978203635,201,Low
1501,1,1,0.0,inf,9.514031485284052,1890.0,,2020-10-28 13:47:45.320,2020-10-28 13:47:45.320,0.33222591362126247,0.2155476921956894,100.0,42.478434672838205,86.19819061645276,33.03782852174547,202,Low
1610,1,1,0.0,inf,10.595482546201232,2289.0,,2019-09-25 22:57:13.000,2019-09-25 22:57:13.000,0.33222591362126247,0.2155476921956894,100.0,50.788975383968015,77.80349253103303,33.02941278431647,203,Low
1457,8,8,0.0863923938739427,357.41571924603176,10.491444216290212,1337.0,357.41571924603176,2015-06-28 17:42:00.000,2022-05-04 15:32:27.000,2.6578073089700998,0.21770284662225728,86.29459034222117,49.98948032821376,97.8329476120345,33.02581913226416,204,Low
479,22,22,0.05484628215825027,209.40473634810408,7.67419575633128,1649.0,209.40473634810408,2009-06-11 16:32:03.370,2021-06-26 04:31:17.000,7.308970099667775,0.21691589375225948,91.97020578657134,28.33999579213129,91.26867241742058,32.967276486591246,205,Low
716,9,9,0.0,429.93856842303245,14.702258726899384,2704.0,429.93856842303245,2009-03-06 16:14:24.033,2018-08-06 04:26:42.527,2.990033222591362,0.2155476921956894,83.51363588331375,82.34799074268881,69.0721649484536,32.94514129673289,206,Low
1224,12,12,0.0,306.69375,11.003422313483915,1976.0,306.69375,2011-05-10 09:19:00.000,2020-08-04 00:28:00.000,3.9867109634551494,0.2155476921956894,88.23957027806256,53.923837576267616,84.38880706921944,32.928414280419446,207,Low
1606,7,7,0.5185684244911292,268.82759425733025,9.779603011635865,1401.0,268.82759425733025,2017-09-30 18:11:53.137,2022-03-01 17:22:18.000,2.3255813953488373,0.22848395875118147,89.69158237975554,44.519250999368815,96.48642962339575,32.90995901628746,208,Low
1611,0,0,0.0,inf,7.687885010266941,inf,,,,0.0,0.2155476921956894,100.0,28.44519250999369,100.0,32.89840617404829,209,Low
1604,0,0,0.0,inf,7.685147159479809,inf,,,,0.0,0.2155476921956894,100.0,28.424153166421206,100.0,32.89630223969104,210,Low
935,7,7,-0.1776637485440697,571.207600308642,14.094455852156058,1885.0,571.207600308642,2011-06-16 14:16:34.000,2020-11-02 20:10:14.000,2.3255813953488373,0.21111567223483402,78.09654666817559,77.67725646959815,86.30338733431518,32.884106120457254,211,Low
1638,0,0,0.0,inf,7.652292950034223,inf,,,,0.0,0.2155476921956894,100.0,28.171681043551438,100.0,32.87105502740407,212,Low
1425,6,6,0.0,477.70856712962967,12.695414099931554,1667.0,477.70856712962967,2014-11-23 17:04:20.000,2021-06-08 06:06:01.000,1.9933554817275747,0.2155476921956894,81.68185193642432,66.92615190406059,90.88996423311593,32.869543342656094,213,Low
285,9,9,0.0,466.5243273104745,11.178644763860369,1330.0,466.5243273104745,2012-02-21 09:28:24.963,2022-05-11 14:08:40.000,2.990033222591362,0.2155476921956894,82.11072176086626,55.27035556490637,97.98022301704187,32.847600761323974,214,Low
1397,0,0,0.0,inf,7.611225188227242,inf,,,,0.0,0.2155476921956894,100.0,27.856090889964236,100.0,32.839496012045345,215,Low
1490,0,0,0.0,inf,7.5893223819301845,inf,,,,0.0,0.2155476921956894,100.0,27.687776141384386,100.0,32.822664537187364,216,Low
1592,0,0,0.0,inf,7.586584531143052,inf,,,,0.0,0.2155476921956894,100.0,27.666736797811904,100.0,32.82056060283011,217,Low
1091,5,5,-0.6029739388894841,174.7698269675926,16.999315537303218,4310.0,174.7698269675926,2012-04-14 07:31:28.667,2014-03-14 09:25:40.867,1.6611295681063125,0.20050583613369777,93.29831281447522,100.0,35.28297917104986,32.81948228787067,218,Low
1593,0,0,0.0,inf,7.575633127994524,inf,,,,0.0,0.2155476921956894,100.0,27.582579423521985,100.0,32.81214486540112,219,Low
1541,0,0,0.0,inf,7.575633127994524,inf,,,,0.0,0.2155476921956894,100.0,27.582579423521985,100.0,32.81214486540112,219,Low
1396,2,2,0.0,368.22616898148146,13.070499657768652,2018.0,368.22616898148146,2019-06-20 10:15:05.000,2020-06-22 15:40:46.000,0.6644518272425249,0.2155476921956894,85.88005383771595,69.80854197349043,83.50515463917526,32.79382549139356,221,Low
1046,6,6,0.0,656.0300902777777,14.03422313483915,1547.0,656.0300902777777,2012-10-13 20:47:00.000,2021-10-07 00:23:39.000,1.9933554817275747,0.2155476921956894,74.84395132240276,77.21439091100358,93.41468546181359,32.78325924341584,222,Low
1455,7,7,0.0,364.44852816358025,11.181382614647502,1628.0,364.44852816358025,2015-07-22 13:30:00.000,2021-07-17 06:05:17.000,2.3255813953488373,0.2155476921956894,86.02491090270871,55.29139490847885,91.71049863244266,32.77301194605491,223,Low
1288,15,15,0.0,205.951271577381,8.591375770020534,1709.0,205.951271577381,2013-06-05 16:28:55.900,2021-04-28 00:06:34.000,4.983388704318937,0.2155476921956894,92.10263202687779,35.388175888912265,90.00631180307174,32.758048144134506,224,Low
1391,0,0,0.0,inf,7.425051334702259,inf,,,,0.0,0.2155476921956894,100.0,26.425415527035558,100.0,32.69642847575248,225,Low
616,19,19,-0.021843650751011,251.9884633892747,7.994524298425736,1577.0,251.9884633892747,2009-04-06 13:51:01.737,2021-09-06 08:52:00.000,6.312292358803987,0.21500277801404127,90.3372941327143,30.801598990111508,92.78350515463917,32.689022261102835,226,Low
1621,13,13,-5.188593750422689,77.492091171875,7.972621492128679,1890.0,77.492091171875,2018-04-12 20:44:58.030,2020-10-28 18:28:18.157,4.318936877076411,0.08611244578728333,97.02851586335531,30.633284241531666,86.19819061645276,32.62200667689307,227,Low
1609,5,5,0.0,249.86358415219908,11.055441478439425,2000.0,249.86358415219908,2017-10-14 20:26:44.317,2020-07-10 07:20:59.000,1.6611295681063125,0.2155476921956894,90.41877455517486,54.32358510414475,83.88386282347992,32.539781975683574,228,Low
1496,2,2,0.0,14.221142361111111,10.483230663928817,2489.0,14.221142361111111,2019-02-23 13:53:00.233,2019-03-09 19:11:26.933,0.6644518272425249,0.2155476921956894,99.45469780754729,49.926362297496325,73.59562381653693,32.52958323549659,229,Low
726,12,12,0.03537188319677721,309.30603331965483,10.529774127310061,2001.0,309.30603331965483,2011-03-17 00:29:14.933,2020-07-09 09:16:49.000,3.9867109634551494,0.21643008319366094,88.13939990378516,50.28403113822848,83.86282347990743,32.49202180057834,230,Low
324,10,10,-0.035489311490465296,533.8968947620884,11.178644763860369,1318.0,533.8968947620884,2009-03-27 13:00:34.633,2022-05-23 14:44:20.000,3.322259136212625,0.21466237181822515,79.52725952808314,55.27035556490637,98.23269513991164,32.47221326672741,231,Low
1544,6,6,0.0,172.08712927546296,11.14031485284052,2411.0,172.08712927546296,2017-01-16 11:52:40.760,2019-05-26 22:20:00.607,1.9933554817275747,0.2155476921956894,93.40118329175915,54.97580475489164,75.2366926151904,32.45304773701361,232,Low
1527,6,6,0.0,306.5709780787037,9.505817932922655,1328.0,306.5709780787037,2018-03-02 13:56:28.470,2022-05-13 10:27:31.000,1.9933554817275747,0.2155476921956894,88.24427807878787,42.41531664212076,98.02230170418683,32.44417879204191,233,Low
1433,5,5,0.0,390.9269126157407,13.204654346338124,2318.0,390.9269126157407,2015-05-16 19:25:00.000,2019-08-27 12:24:01.000,1.6611295681063125,0.2155476921956894,85.00957322441114,70.83946980854196,77.1933515674311,32.44047905436567,234,Low
1618,5,5,9.006755066299727,27.579818770254626,10.85284052019165,2815.0,27.579818770254626,2017-12-28 09:35:00.000,2018-04-17 17:14:45.367,1.6611295681063125,0.44023122253600444,98.94244723897903,52.76667367978119,66.73679781190827,32.430289751435964,235,Low
1639,1,1,0.0,inf,11.003422313483915,2749.0,,2018-06-22 23:21:44.407,2018-06-22 23:21:44.407,0.33222591362126247,0.2155476921956894,100.0,53.923837576267616,68.12539448769198,32.375089199212326,236,Low
1623,9,9,0.5773112779575453,154.59827420862268,7.687885010266941,1450.0,154.59827420862268,2018-08-23 11:35:44.867,2022-01-11 06:27:52.000,2.990033222591362,0.22994936461621746,94.07180930867989,28.44519250999369,95.45550178834421,32.3084302606308,237,Low
804,5,5,0.0,776.451650462963,16.999315537303218,2362.0,776.451650462963,2011-01-11 10:31:00.000,2019-07-14 05:52:30.400,1.6611295681063125,0.2155476921956894,70.22627732660801,100.0,76.26762045024195,32.30729978223193,238,Low
1514,5,5,-4.863988470545848,69.40902834780093,11.288158795345653,2871.0,69.40902834780093,2017-05-18 20:51:35.170,2018-02-20 12:07:35.367,1.6611295681063125,0.09421008580446637,97.33846824191363,56.111929307805596,65.55859457184937,32.23969390663655,239,Low
1661,0,0,0.0,inf,6.715947980835044,inf,,,,0.0,0.2155476921956894,100.0,20.976225541763093,100.0,32.15150947722523,240,Low
993,8,8,0.06772080546125533,423.1727346775794,10.85284052019165,1646.0,423.1727346775794,2013-05-20 15:05:52.067,2021-06-29 20:07:02.000,2.6578073089700998,0.21723706306638807,83.77307791759901,52.76667367978119,91.33179044813802,32.14900382021786,241,Low
1363,3,3,0.0,1051.0390810011575,16.999315537303218,1349.0,1051.0390810011575,2016-07-20 11:01:34.803,2022-04-22 12:54:08.000,0.9966777408637874,0.2155476921956894,59.696973142054674,100.0,97.58047548916474,32.100166309678656,242,Low
1653,0,0,0.0,inf,6.499657768651608,inf,,,,0.0,0.2155476921956894,100.0,19.314117399537132,100.0,31.985298663002634,243,Low
1055,0,0,0.0,inf,6.494182067077344,inf,,,,0.0,0.2155476921956894,100.0,19.27203871239217,100.0,31.98109079428814,244,Low
1431,1,1,0.0,inf,11.745379876796715,3241.0,,2017-02-15 15:21:06.307,2017-02-15 15:21:06.307,0.33222591362126247,0.2155476921956894,100.0,59.625499684409846,57.77403745003156,31.910119706260506,245,Low
811,5,5,0.0,865.4688251244213,16.999315537303218,2252.0,865.4688251244213,2010-05-10 17:53:06.100,2019-11-01 14:53:32.063,1.6611295681063125,0.2155476921956894,66.81283299005221,100.0,78.58194824321481,31.85604369421806,246,Low
1675,3,3,0.0,161.45672544560185,8.97741273100616,1785.0,161.45672544560185,2020-03-24 07:54:28.843,2021-02-10 05:49:51.000,0.9966777408637874,0.2155476921956894,93.80881577264097,38.35472333263202,88.40732169156323,31.840691789298965,247,Low
1471,6,6,0.19588669498796052,513.1262976851851,11.14031485284052,1468.0,513.1262976851851,2014-12-15 23:55:00.000,2021-12-24 15:04:20.600,1.9933554817275747,0.2204343038391293,80.32372692023162,54.97580475489164,95.07679360403955,31.82278821450388,248,Low
1599,8,8,0.0,219.5053125,8.032854209445585,1523.0,219.5053125,2017-08-15 14:48:00.000,2021-10-30 03:41:33.000,2.6578073089700998,0.2155476921956894,91.5828900287666,31.096149800126234,93.91962970755313,31.802275437709717,249,Low
1287,6,6,0.0,484.8439327152778,11.58110882956879,1796.0,484.8439327152778,2014-06-12 01:07:22.067,2021-01-30 06:23:41.000,1.9933554817275747,0.2155476921956894,81.40823986841369,58.363139070061024,88.17588891226593,31.687112113569007,250,Low
1414,6,6,1.2224938875305624,327.16192924305557,11.613963039014374,2409.0,327.16192924305557,2014-12-04 21:02:17.000,2019-05-28 16:28:10.433,1.9933554817275747,0.24604416294990833,87.45469937216683,58.615611192930785,75.27877130233537,31.63956358330211,251,Low
402,5,5,0.0,766.1544506278935,16.999315537303218,2835.0,766.1544506278935,2009-11-05 15:39:10.800,2018-03-28 06:28:48.937,1.6611295681063125,0.2155476921956894,70.62113279796033,100.0,66.31601094045865,31.391109925524066,252,Low
1528,1,1,0.0,inf,7.613963039014374,1980.0,,2020-07-30 18:20:44.000,2020-07-30 18:20:44.000,0.33222591362126247,0.2155476921956894,100.0,27.87713023353671,84.30464969492952,31.38834398566299,253,Low
1429,8,8,0.0,393.0676591220238,9.240246406570842,1540.0,393.0676591220238,2014-04-01 21:56:00.000,2021-10-13 09:18:00.237,2.6578073089700998,0.2155476921956894,84.92748435711486,40.37450031559015,93.56196086682095,31.36326247085254,254,Low
1197,12,12,0.06091762558022795,305.7282937363215,7.652292950034223,1601.0,305.7282937363215,2012-05-29 20:35:19.633,2021-08-13 20:51:30.000,3.9867109634551494,0.21706735017179313,88.27659157454808,28.171681043551438,92.27856090889964,31.14995818490698,255,Low
1561,3,3,1.466275659824047,341.1669675925926,8.509240246406572,1318.0,341.1669675925926,2020-07-10 09:47:26.000,2022-05-23 17:48:18.000,0.9966777408637874,0.2521255706076412,86.91766346848551,34.756995581737854,98.23269513991164,31.09437036781629,256,Low
1327,4,4,0.0,1163.8322285223767,16.999315537303218,1476.0,1163.8322285223767,2012-05-26 09:25:48.367,2021-12-16 21:21:02.000,1.3289036544850499,0.2155476921956894,55.371817551879474,100.0,94.9084788554597,31.084214598040557,257,Low
1534,6,6,0.6713660033237012,298.0950702847222,9.180013689253936,1891.0,298.0950702847222,2016-09-28 09:09:54.097,2020-10-27 20:34:24.460,1.9933554817275747,0.2322956644306232,88.56929445418473,39.91163475699558,86.17715127288028,31.07848582853684,258,Low
496,9,9,0.0,501.8686563802083,8.97741273100616,1243.0,501.8686563802083,2011-08-10 03:11:04.710,2022-08-07 01:58:00.000,2.990033222591362,0.2155476921956894,80.7554113912519,38.35472333263202,99.81064590784767,31.06801775325425,259,Low
1582,1,1,0.0,inf,8.41615331964408,2437.0,,2019-04-30 11:24:32.033,2019-04-30 11:24:32.033,0.33222591362126247,0.2155476921956894,100.0,34.04165790027351,74.68966968230592,31.04329875107431,260,Low
1560,1,1,0.0,inf,8.985626283367557,2653.0,,2018-09-26 14:05:53.267,2018-09-26 14:05:53.267,0.33222591362126247,0.2155476921956894,100.0,38.41784136334947,70.14517147065011,31.026467276216323,261,Low
1723,0,0,0.0,inf,5.1827515400410675,inf,,,,0.0,0.2155476921956894,100.0,9.194193141173992,100.0,30.97330623716632,262,Low
1664,1,1,0.0,inf,6.715947980835044,1855.0,,2020-12-03 02:08:14.000,2020-12-03 02:08:14.000,0.33222591362126247,0.2155476921956894,100.0,20.976225541763093,86.93456764148958,30.96124531114163,263,Low
1326,3,3,0.0,717.6577185358797,13.204654346338124,1730.0,717.6577185358797,2017-05-02 08:21:18.237,2021-04-06 15:55:32.000,0.9966777408637874,0.2155476921956894,72.48078399595126,70.83946980854196,89.56448558804965,30.939276471200664,264,Low
354,20,20,-0.008566261954973575,229.57447343019007,4.525667351129363,1300.0,229.57447343019007,2010-07-01 06:56:07.417,2022-06-10 04:53:43.000,6.64451827242525,0.21533399725631389,91.19677891614432,4.144750683778663,98.61140332421628,30.894386078691277,265,Low
1428,9,9,0.0,225.51478587962964,7.994524298425736,2006.0,225.51478587962964,2015-07-27 05:48:00.000,2020-07-04 08:38:20.000,2.990033222591362,0.2155476921956894,91.35245131903004,30.801598990111508,83.75762676204502,30.826811389977557,266,Low
1652,1,1,0.0,inf,6.499657768651608,1840.0,,2020-12-17 10:00:47.000,2020-12-17 10:00:47.000,0.33222591362126247,0.2155476921956894,100.0,19.314117399537132,87.25015779507679,30.826593512277757,267,Low
1028,1,1,0.0,inf,12.70362765229295,4153.0,,2014-08-18 21:39:36.800,2014-08-18 21:39:36.800,0.33222591362126247,0.2155476921956894,100.0,66.98926993477804,38.586156111929306,30.7277085974871,268,Low
1060,4,4,0.0,855.828589363426,16.999315537303218,2779.0,855.828589363426,2011-05-12 21:07:29.637,2018-05-23 08:47:00.000,1.3289036544850499,0.2155476921956894,67.18249657785512,100.0,67.49421418051756,30.704923935741473,269,Low
1525,5,5,0.0,199.71318865740741,9.859000684462696,2618.0,199.71318865740741,2016-08-23 12:59:00.000,2018-10-31 09:26:58.000,1.6611295681063125,0.2155476921956894,92.34183697687907,45.12939196297075,70.88154849568693,30.704743713127716,270,Low
1725,1,1,0.0,inf,5.190965092402464,1475.0,,2021-12-17 07:49:02.000,2021-12-17 07:49:02.000,0.33222591362126247,0.2155476921956894,100.0,9.257311171891432,94.92951819903219,30.58884892990873,271,Low
1727,6,6,-3.708600874849438,73.9152037037037,4.9281314168377826,1380.0,73.9152037037037,2021-03-17 13:39:27.000,2022-03-22 03:28:55.000,1.9933554817275747,0.12303251541441564,97.16567485898914,7.2375341889333065,96.92825583841784,30.578146521991197,272,Low
1531,1,1,0.0,inf,7.685147159479809,2412.0,,2019-05-26 01:00:07.363,2019-05-26 01:00:07.363,0.33222591362126247,0.2155476921956894,100.0,28.424153166421206,75.21565327161792,30.534146636620278,273,Low
1731,0,0,0.0,inf,4.522929500342231,inf,,,,0.0,0.2155476921956894,100.0,4.1237113402061825,100.0,30.46625805706954,274,Low
1730,0,0,0.0,inf,4.522929500342231,inf,,,,0.0,0.2155476921956894,100.0,4.1237113402061825,100.0,30.46625805706954,274,Low
1622,5,5,0.0,369.12374982638886,7.685147159479809,1323.0,369.12374982638886,2018-05-02 21:44:39.060,2022-05-18 09:37:27.000,1.6611295681063125,0.2155476921956894,85.84563528575333,28.424153166421206,98.12749842204923,30.459574487883845,276,Low
1492,3,3,-1.1402508551881414,438.7270393344907,10.491444216290212,1994.0,438.7270393344907,2018-02-20 11:45:57.603,2020-07-16 22:39:50.000,0.9966777408637874,0.18710286542607588,83.17663399155757,49.98948032821376,84.0100988849148,30.430897645283217,277,Low
274,3,3,0.0,185.21833736689814,16.999315537303218,5335.0,185.21833736689814,2010-05-19 06:20:01.470,2011-05-24 16:48:50.167,0.9966777408637874,0.2155476921956894,92.8976552022381,100.0,13.717652009257307,30.354020373724598,278,Low
854,4,4,0.0,1158.261007843364,16.999315537303218,1890.0,1158.261007843364,2011-04-24 13:07:20.767,2020-10-28 07:54:54.000,1.3289036544850499,0.2155476921956894,55.58545106414048,100.0,86.19819061645276,30.255912476592062,279,Low
535,1,1,0.0,inf,16.999315537303218,5987.0,,2009-08-10 17:16:00.000,2009-08-10 17:16:00.000,0.33222591362126247,0.2155476921956894,100.0,100.0,0.0,30.170165992816365,280,Low
1215,4,4,0.0,784.6395065586419,13.99315537303217,2197.0,784.6395065586419,2013-07-16 20:48:22.900,2019-12-26 18:51:03.000,1.3289036544850499,0.2155476921956894,69.91230655496062,76.89880075741637,79.73911213970123,30.165255802822575,281,Low
1493,1,1,0.0,inf,10.491444216290212,3657.0,,2015-12-28 02:33:00.000,2015-12-28 02:33:00.000,0.33222591362126247,0.2155476921956894,100.0,49.98948032821376,49.021670523879656,30.071281078025706,282,Low
1729,4,4,0.0,50.25169737654321,4.1095140314852845,1310.0,50.25169737654321,2022-01-01 06:34:43.000,2022-06-01 00:42:02.960,1.3289036544850499,0.2155476921956894,98.07307348136388,0.9467704607616263,98.40100988849147,30.06839593331678,283,Low
526,10,10,0.0,342.5734447016461,6.494182067077344,1467.0,342.5734447016461,2013-07-17 02:54:19.400,2021-12-25 06:46:10.000,3.322259136212625,0.2155476921956894,86.86373082750188,19.27203871239217,95.09783294761203,30.02641095222414,284,Low
1469,3,3,0.0,226.39631651041668,11.14031485284052,3271.0,226.39631651041668,2015-10-21 16:08:30.000,2017-01-16 11:09:53.493,0.9966777408637874,0.2155476921956894,91.31864822709184,54.97580475489164,57.142857142857146,29.8783199675445,285,Low
970,5,5,0.0,262.26574074074074,14.850102669404517,4608.0,262.26574074074074,2010-07-06 16:22:45.700,2013-05-20 17:53:25.700,1.6611295681063125,0.2155476921956894,89.94320260707343,83.48411529560276,29.01325478645066,29.873659801506165,286,Low
644,6,6,0.0,877.280264738426,12.687200547570157,1681.0,877.280264738426,2009-05-22 11:50:50.633,2021-05-25 21:28:45.000,1.9933554817275747,0.2155476921956894,66.35991262035583,66.86303387334314,90.5954134231012,29.769388595369172,287,Low
1735,2,2,0.0,15.576458333333333,4.531143052703627,1637.0,15.576458333333333,2021-06-23 09:15:43.000,2021-07-08 23:05:49.000,0.6644518272425249,0.2155476921956894,99.40272698677906,4.186829370923624,91.52114454029035,29.737787851061018,288,Low
327,4,4,0.0,858.4682344405866,12.695414099931554,1667.0,858.4682344405866,2014-05-20 20:23:14.633,2021-06-08 06:06:01.000,1.3289036544850499,0.2155476921956894,67.08127699215811,66.92615190406059,90.88996423311593,29.716870214267963,289,Low
236,7,7,0.0,779.3543635416665,10.587268993839835,1413.0,779.3543635416665,2009-04-30 00:37:17.940,2022-02-17 03:39:00.000,2.3255813953488373,0.2155476921956894,70.114970159684,50.72585735325057,96.23395750052599,29.586815928735476,290,Low
1518,2,2,0.0,32.15835424768519,9.182751540041068,3360.0,32.15835424768519,2016-09-17 19:09:49.260,2016-10-19 22:57:51.067,0.6644518272425249,0.2155476921956894,98.766879141535,39.93267410056806,55.270355564906374,29.56012385743825,291,Low
1316,3,3,0.0,961.5171610358797,12.70362765229295,1326.0,961.5171610358797,2017-02-07 15:03:37.573,2022-05-15 15:53:03.000,0.9966777408637874,0.2155476921956894,63.1297723952912,66.98926993477804,98.0643803913318,29.53404364402047,292,Low
1705,5,5,0.0,0.0022135416666666666,3.9863107460643397,1781.0,0.0022135416666666666,2021-02-14 06:43:36.000,2021-02-14 06:56:21.000,1.6611295681063125,0.2155476921956894,99.99993553538137,0.0,88.49147906585314,29.48441728554772,293,Low
1000,6,6,-0.10474075687207275,517.6759953773147,10.584531143052704,2370.0,517.6759953773147,2012-06-04 06:49:28.797,2019-07-06 15:56:38.800,1.9933554817275747,0.21293481743099324,80.14926463383236,50.7048180096781,76.0993057016621,29.461173420862895,294,Low
1651,4,4,0.0,381.18174035493826,6.499657768651608,1273.0,381.18174035493826,2019-05-20 16:23:14.900,2022-07-07 05:28:22.000,1.3289036544850499,0.2155476921956894,85.3832606975185,19.314117399537132,99.17946560067325,29.445013641643428,295,Low
1648,3,3,-1.9267822736030829,259.3557060185185,6.715947980835044,1772.0,259.3557060185185,2019-09-23 17:02:34.000,2021-02-23 10:07:00.000,0.9966777408637874,0.16748196372372204,90.05479052906182,20.976225541763093,88.68083315800547,29.367371676022476,296,Low
1365,3,3,-1.8018018018018018,277.61328296875,11.178644763860369,3385.0,277.61328296875,2015-03-19 14:58:00.000,2016-09-24 20:24:15.297,0.9966777408637874,0.17059974070568745,89.3546871739844,55.27035556490637,54.74437197559436,29.263897333325705,297,Low
679,15,15,0.3444799355068143,212.61286539930552,8.013689253935661,3176.0,212.61286539930552,2009-02-25 16:28:00.000,2017-04-21 06:23:21.987,4.983388704318937,0.2241411276195832,91.84718716704751,30.948874395118875,59.1415947822428,29.178705679562192,298,Low
1432,3,3,0.8156606851549756,613.0123097222222,11.745379876796715,2429.0,613.0123097222222,2015-12-29 03:27:00.000,2019-05-08 04:02:27.120,0.9966777408637874,0.23589525587998883,76.49350715212893,59.625499684409846,74.85798443088575,29.154860865227672,299,Low
1647,2,2,0.0,55.33802045138889,5.94113620807666,2290.0,55.33802045138889,2019-07-31 06:24:58.033,2019-09-24 14:31:43.000,0.6644518272425249,0.2155476921956894,97.87803380773062,15.022091310751104,77.78245318746055,29.142506273951096,300,Low
574,3,3,0.0,508.7109765451389,11.616700889801505,2799.0,508.7109765451389,2015-07-21 04:39:00.000,2018-05-03 14:46:36.747,0.9966777408637874,0.2155476921956894,80.493036415808,58.636650536503254,67.07342730906797,29.072339200069976,301,Low
1665,3,3,0.0,278.65505686921296,6.715947980835044,1854.0,278.65505686921296,2019-05-25 19:10:13.173,2020-12-03 02:36:47.000,0.9966777408637874,0.2155476921956894,89.31473940846577,20.976225541763093,86.95560698506206,29.05885526672692,302,Low
1211,2,2,0.0,239.07184065972223,14.622861054072553,4859.0,239.07184065972223,2012-01-16 10:00:48.570,2012-09-11 11:44:15.603,0.6644518272425249,0.2155476921956894,90.83259375181925,81.7378497790869,23.732379549758036,28.99998674583215,303,Low
1040,14,14,0.0,283.5512402394943,4.522929500342231,1679.0,283.5512402394943,2011-04-24 15:17:17.963,2021-05-27 19:16:31.000,4.651162790697675,0.2155476921956894,89.12699081433676,4.1237113402061825,90.63749211024616,28.983312407705697,304,Low
1643,6,6,0.3513110794550967,144.3431482939815,4.298425735797399,1681.0,144.3431482939815,2019-06-03 12:54:50.937,2021-05-25 06:05:31.000,1.9933554817275747,0.22431153810896204,94.4650514173755,2.3984851672627796,90.5954134231012,28.946152445643392,305,Low
1459,3,3,0.0,748.1507546296295,10.491444216290212,1606.0,748.1507546296295,2017-07-03 20:14:06.600,2021-08-08 03:28:17.000,0.9966777408637874,0.2155476921956894,71.31150085756305,49.98948032821376,92.17336419103724,28.881308755788957,306,Low
375,10,10,0.0,453.8308750424382,7.630390143737166,2031.0,453.8308750424382,2009-04-04 11:10:51.567,2020-06-09 22:39:00.000,3.322259136212625,0.2155476921956894,82.59746370611954,28.003366294971592,83.23164317273302,28.859671308717715,307,Low
1567,5,5,0.30024447451283987,280.68835175636576,6.499657768651608,1975.0,280.68835175636576,2017-07-09 06:07:27.633,2020-08-05 00:12:22.000,1.6611295681063125,0.22303762480761652,89.23677087100663,19.314117399537132,84.40984641279192,28.856905310473344,308,Low
1344,3,3,0.0,897.6231922453704,12.711841204654347,1891.0,897.6231922453704,2015-11-28 14:33:28.000,2020-10-27 20:28:15.620,0.9966777408637874,0.2155476921956894,65.57984460593468,67.05238796549548,86.17715127288028,28.84164697737576,309,Low
1530,2,2,0.0,443.5342939814815,7.685147159479809,1659.0,443.5342939814815,2020-03-29 18:47:43.000,2021-06-16 07:37:06.000,0.6644518272425249,0.2155476921956894,82.99229545001702,28.424153166421206,91.05827898169576,28.833147367398908,310,Low
790,7,7,-0.07446521911408205,430.8163927469136,5.853524982888432,1330.0,430.8163927469136,2015-04-13 16:35:02.000,2022-05-11 14:08:40.000,2.3255813953488373,0.2136900744193696,83.47997491307694,14.348832316431723,97.98022301704187,28.796276522939685,311,Low
186,8,8,0.0,600.4640530753969,9.007529089664613,1980.0,600.4640530753969,2009-01-26 12:46:00.000,2020-07-30 18:43:39.300,2.6578073089700998,0.2155476921956894,76.9746814395364,38.58615611192931,84.30464969492952,28.66813634978162,312,Low
1201,5,5,0.0,941.578400703125,11.824777549623546,1613.0,941.578400703125,2011-04-10 10:15:22.717,2021-08-01 17:46:58.000,1.6611295681063125,0.2155476921956894,63.89434225267684,60.23564064801178,92.02608878602987,28.64032366582567,313,Low
201,11,11,-0.004364712175007497,399.1285729548611,6.494182067077344,2000.0,399.1285729548611,2009-08-06 05:32:04.967,2020-07-10 12:23:32.000,3.6544850498338874,0.21543880959222333,84.69507311652302,19.27203871239217,83.88386282347992,28.587534246731728,314,Low
1017,1,1,0.0,inf,14.702258726899384,5915.0,,2009-10-21 13:37:24.397,2009-10-21 13:37:24.397,0.33222591362126247,0.2155476921956894,100.0,82.34799074268881,1.5148327372185975,28.556448340807105,315,Low
1494,2,2,0.0,407.6328272685185,10.80082135523614,3070.0,407.6328272685185,2016-06-24 04:32:45.667,2017-08-05 19:44:01.943,0.6644518272425249,0.2155476921956894,84.36896976810758,52.36692615190406,61.37176520092573,28.5341081514883,316,Low
1607,2,2,0.0,647.6867626504629,11.055441478439425,2363.0,647.6867626504629,2017-10-04 08:00:08.707,2019-07-14 00:29:05.000,0.6644518272425249,0.2155476921956894,75.16388379100556,54.32358510414475,76.24658110666948,28.37623844186634,317,Low
1529,1,1,0.0,inf,7.586584531143052,3570.0,,2016-03-23 20:08:00.000,2016-03-23 20:08:00.000,0.33222591362126247,0.2155476921956894,100.0,27.666736797811904,50.85209341468546,28.022049014066106,318,Low
1507,2,2,0.0,726.7622141898148,10.173853524982889,1947.0,726.7622141898148,2018-09-05 13:46:11.877,2020-09-01 08:03:47.183,0.6644518272425249,0.2155476921956894,72.13166384868401,47.54891647380602,84.99894803282137,27.967564282983346,319,Low
1315,4,4,0.0,912.0195765162036,12.70362765229295,2317.0,912.0195765162036,2012-03-01 14:57:05.767,2019-08-28 16:21:40.000,1.3289036544850499,0.2155476921956894,65.02780218779407,66.98926993477804,77.21439091100358,27.944929724255665,320,Low
1186,3,3,0.0,225.51963283564814,7.575633127994524,2934.0,225.51963283564814,2016-09-24 20:24:15.293,2017-12-19 21:20:47.847,0.9966777408637874,0.2155476921956894,91.35226545810339,27.582579423521985,64.23311592678309,27.854746759002435,321,Low
1436,3,3,0.0,837.6319035300926,11.055441478439425,1981.0,837.6319035300926,2015-12-27 22:57:00.000,2020-07-29 05:16:52.930,0.9966777408637874,0.2155476921956894,67.8802650078025,54.32358510414475,84.28361035135704,27.83949667946193,322,Low
1503,2,2,0.0,527.9519398148149,7.865845311430527,1891.0,527.9519398148149,2019-05-18 08:57:59.400,2020-10-27 07:48:47.000,0.6644518272425249,0.2155476921956894,79.75522421998699,29.812749842204923,86.17715127288028,27.836480018089723,323,Low
1575,1,1,0.0,inf,6.436687200547571,3245.0,,2017-02-11 14:30:45.067,2017-02-11 14:30:45.067,0.33222591362126247,0.2155476921956894,100.0,18.830212497370084,57.689880075741634,27.822175250127536,324,Low
1371,3,3,-0.5711022272986864,875.5873761921297,13.075975359342916,2738.0,875.5873761921297,2013-09-16 06:41:29.067,2018-07-03 10:53:07.673,0.9966777408637874,0.20130091145499776,66.42482796779021,69.85062066063537,68.35682726698927,27.50487282348658,325,Low
1591,2,2,0.0,426.7690822453704,7.687885010266941,2373.0,426.7690822453704,2018-05-02 21:19:38.227,2019-07-03 15:47:06.933,0.6644518272425249,0.2155476921956894,83.63517270678717,28.44519250999369,76.03618767094467,27.461617622035078,326,Low
1420,7,7,0.024852235082965312,332.167151876929,5.853524982888432,2378.0,332.167151876929,2014-01-12 13:43:47.500,2019-06-28 13:47:59.033,2.3255813953488373,0.21616765886228406,87.26276956853317,14.348832316431723,75.93099095308227,27.3485316437457,327,Low
1576,2,2,0.0,870.6086354166666,11.72621492128679,2315.0,870.6086354166666,2017-04-11 16:32:50.900,2019-08-30 07:09:17.000,0.6644518272425249,0.2155476921956894,66.61574230053348,59.47822427940248,77.25646959814854,27.283062910445608,328,Low
571,6,6,0.0,757.4297010810185,7.6358658453114305,1469.0,757.4297010810185,2011-08-11 05:22:09.133,2021-12-23 08:56:00.000,1.9933554817275747,0.2155476921956894,70.95569123617082,28.045444982116557,95.05575426046707,27.2528195131461,329,Low
1369,2,2,0.0,605.1076336805555,13.127994524298426,3882.0,605.1076336805555,2013-09-18 17:57:00.450,2015-05-16 20:32:00.000,0.6644518272425249,0.2155476921956894,76.79661912764772,70.25036818851251,44.28781822007153,27.099587528971753,330,Low
606,4,4,0.0,982.4701330131173,14.094455852156058,2993.0,982.4701330131173,2009-09-26 09:21:43.203,2017-10-21 19:12:41.680,1.3289036544850499,0.2155476921956894,62.32631167210245,77.67725646959815,62.99179465600673,27.051170649099667,331,Low
1178,2,2,0.0,770.6616531597222,14.507871321013004,3921.0,770.6616531597222,2013-02-25 18:29:13.167,2015-04-07 10:22:00.000,0.6644518272425249,0.2155476921956894,70.4483000270429,80.8541973490427,43.4672838207448,26.80825318497114,332,Low
1381,2,2,0.0,0.0010667824074074073,7.613963039014374,4311.0,0.0010667824074074073,2014-03-13 06:11:40.100,2014-03-13 06:13:12.270,0.6644518272425249,0.2155476921956894,99.99997950890574,27.87713023353671,35.26193982747739,26.600347970466363,333,Low
1568,2,2,0.0,512.7727364583334,7.578370978781656,2519.0,512.7727364583334,2017-09-12 11:13:09.140,2019-02-07 05:45:53.570,0.6644518272425249,0.2155476921956894,80.33728454629663,27.603618767094463,72.96444350936251,26.41070819948883,334,Low
1059,2,2,0.0,1731.6906338310187,16.999315537303218,1627.0,1731.6906338310187,2016-10-21 09:03:11.237,2021-07-19 01:37:42.000,0.6644518272425249,0.2155476921956894,33.59677172574365,100.0,91.73153797601515,26.17895320533405,335,Low
1475,2,2,0.0,987.9504513888888,10.683093771389458,2153.0,987.9504513888888,2017-05-26 22:53:27.000,2020-02-08 21:42:06.000,0.6644518272425249,0.2155476921956894,62.116163891143955,51.462234378287384,80.66484325689038,25.922385604330373,336,Low
1006,4,4,0.0,1423.336786265432,13.995893223819301,1890.0,1423.336786265432,2009-02-18 13:05:00.000,2020-10-28 13:19:55.000,1.3289036544850499,0.2155476921956894,45.420879810850764,76.91984010098884,86.19819061645276,25.914982236033005,337,Low
771,2,2,0.0,518.6054021990741,7.613963039014374,2749.0,518.6054021990741,2017-01-20 09:11:34.247,2018-06-22 23:43:20.997,0.6644518272425249,0.2155476921956894,80.11362568590849,27.87713023353671,68.12539448769198,25.909422671888372,338,Low
1328,2,2,0.0,1366.5198538194445,16.999315537303218,3123.0,1366.5198538194445,2013-09-16 13:18:24.630,2017-06-14 01:47:00.000,0.6644518272425249,0.2155476921956894,47.59957664116256,100.0,60.256679991584264,25.83202838997474,339,Low
1473,2,2,0.0,1292.7878704050927,11.14031485284052,1381.0,1292.7878704050927,2018-09-06 06:44:51.997,2022-03-22 01:39:24.000,0.6644518272425249,0.2155476921956894,50.42689644956931,54.97580475489164,96.90721649484536,25.56012647747137,340,Low
281,3,3,0.0,912.8621076215278,6.494182067077344,1343.0,912.8621076215278,2017-04-29 04:12:19.803,2022-04-28 21:35:12.000,0.9966777408637874,0.2155476921956894,64.9954945680479,19.27203871239217,97.70671155059962,25.09969807226001,341,Low
1080,2,2,0.0,1327.2581018865742,16.999315537303218,3616.0,1327.2581018865742,2012-06-19 02:04:04.997,2016-02-06 08:15:45.000,0.6644518272425249,0.2155476921956894,49.105104145132415,100.0,49.88428361035135,25.095894252645426,342,Low
428,1,1,0.0,inf,7.613963039014374,5931.0,,2009-10-05 06:28:58.433,2009-10-05 06:28:58.433,0.33222591362126247,0.2155476921956894,100.0,27.87713023353671,1.178203240058906,23.075699340175927,343,Low
1435,3,3,0.0,752.6292997685185,4.432580424366872,2626.0,752.6292997685185,2014-09-09 09:08:21.000,2018-10-23 15:20:44.000,0.9966777408637874,0.2155476921956894,71.1397669803816,3.429413002314327,70.7132337471071,22.044942203369708,344,Low
1314,2,2,0.0,1962.5468220717592,12.70362765229295,1286.0,1962.5468220717592,2017-02-07 15:03:37.573,2022-06-24 04:11:03.000,0.6644518272425249,0.2155476921956894,24.744381708804582,66.98926993477804,98.90595413423101,21.82484381124563,345,Low
520,3,3,0.0,1048.359065642361,8.605065023956195,3521.0,1048.359065642361,2010-08-15 07:00:37.890,2016-05-12 00:14:44.433,0.9966777408637874,0.2155476921956894,59.799740762833,35.49337260677467,51.88302124973701,21.100311670569017,346,Low
1030,2,2,0.0,1642.2597530439814,9.626283367556468,1793.0,1642.2597530439814,2016-08-05 20:12:15.337,2021-02-03 02:26:18.000,0.6644518272425249,0.2155476921956894,37.02607999908161,43.3410477593099,88.23900694298338,20.849666532629456,347,Low
820,4,4,0.0,398.98456597222224,4.511978097193703,4641.0,398.98456597222224,2010-01-06 20:33:13.567,2013-04-17 19:26:33.067,1.3289036544850499,0.2155476921956894,84.7005951949442,4.039553965916262,28.318956448558808,20.694973282555036,348,Low
1065,3,3,0.0,2093.385772065972,12.695414099931554,1667.0,2093.385772065972,2009-12-21 11:35:00.000,2021-06-08 06:06:01.413,0.9966777408637874,0.2155476921956894,19.72724344804574,66.92615190406059,90.88996423311593,20.129784435678047,349,Low
1053,2,2,0.0,1917.7898377314814,13.645448323066393,2723.0,1917.7898377314814,2013-04-17 21:07:51.533,2018-07-18 16:05:13.513,0.6644518272425249,0.2155476921956894,26.460628885809,74.22680412371133,68.67241742057648,19.86849299417439,350,Low
1325,2,2,0.0,2075.449840740741,13.91649555099247,2391.0,2075.449840740741,2013-10-09 11:25:36.627,2019-06-15 22:13:22.867,0.6644518272425249,0.2155476921956894,20.415013009771357,76.30969913738693,75.65747948664001,19.56616552694077,351,Low
1366,2,2,0.0,2074.3712341782407,11.178644763860369,1428.0,2074.3712341782407,2016-05-29 22:42:40.367,2022-02-02 07:37:15.000,0.6644518272425249,0.2155476921956894,20.456373157137747,55.27035556490637,95.91836734693878,19.49659198519587,352,Low
487,2,2,0.0,2114.2223966435186,10.584531143052704,2461.0,2114.2223966435186,2013-06-22 04:52:23.933,2019-04-06 10:12:39.003,0.6644518272425249,0.2155476921956894,18.928244171471746,50.7048180096781,74.18472543656638,16.561048241502604,353,Low
1228,2,2,0.0,2543.730600960648,14.392881587953456,2779.0,2543.730600960648,2011-06-05 17:23:19.700,2018-05-23 10:55:23.623,0.6644518272425249,0.2155476921956894,2.45836234129348,79.97054491899853,67.49421418051756,15.524593440794112,354,Low
1039,2,2,0.0,2607.840763113426,10.978781656399725,2000.0,2607.840763113426,2013-05-20 15:05:52.067,2020-07-10 11:16:34.000,0.6644518272425249,0.2155476921956894,0.0,53.734483484115295,83.88386282347992,14.048279693343328,355,Low
552,2,2,0.0,2498.6467006944445,6.494182067077344,2465.0,2498.6467006944445,2012-05-29 22:35:31.033,2019-04-02 14:06:45.973,0.6644518272425249,0.2155476921956894,4.187145406120962,19.27203871239217,74.10056806227645,10.461134821274861,356,Low
